"tema";"comparacao";"indicador";"referencia";"valor";"limites";"fontes";"revisao"
"A renda melhorou para quem?";"Média e mediana no mesmo recorte";"Média nominal · IBGE";"Abr–jun/2026";"R$ 3.738";"Ocupados de 14 anos ou mais, com rendimento habitual positivo de todos os trabalhos. Valores monetários nominais do mesmo trimestre. Mediana e parcela abaixo da média são estimativas pontuais do projeto, sem intervalo de confiança.";"https://apisidra.ibge.gov.br/values/t/6472/n1/all/v/5929/p/202602 | https://jonex-01.github.io/elei-es-2026/Scrollytelling_Eleicoes_2026/dados/renda-pnad-2026-2tri.json";"2026-10-02"
"A renda melhorou para quem?";"Média e mediana no mesmo recorte";"Mediana ponderada · projeto";"Abr–jun/2026";"R$ 2.300";"Ocupados de 14 anos ou mais, com rendimento habitual positivo de todos os trabalhos. Valores monetários nominais do mesmo trimestre. Mediana e parcela abaixo da média são estimativas pontuais do projeto, sem intervalo de confiança.";"https://apisidra.ibge.gov.br/values/t/6472/n1/all/v/5929/p/202602 | https://jonex-01.github.io/elei-es-2026/Scrollytelling_Eleicoes_2026/dados/renda-pnad-2026-2tri.json";"2026-10-02"
"A renda melhorou para quem?";"Média e mediana no mesmo recorte";"Parcela abaixo da média · projeto";"Abr–jun/2026";"73%";"Ocupados de 14 anos ou mais, com rendimento habitual positivo de todos os trabalhos. Valores monetários nominais do mesmo trimestre. Mediana e parcela abaixo da média são estimativas pontuais do projeto, sem intervalo de confiança.";"https://apisidra.ibge.gov.br/values/t/6472/n1/all/v/5929/p/202602 | https://jonex-01.github.io/elei-es-2026/Scrollytelling_Eleicoes_2026/dados/renda-pnad-2026-2tri.json";"2026-10-02"
"A renda melhorou para quem?";"Renda do trabalho · 2º trimestre · preços do 2º trimestre/2026";"2022";"Média";"3.139,42";"Estimativas do projeto: IPCA nacional médio de abril–junho, sem os deflatores regionais oficiais da PNAD. Anos selecionados; não há observações de 2023–2024 neste gráfico. Ocupados 14+ com renda habitual positiva, pesos V1028; sem intervalos de confiança.";"https://jonex-01.github.io/elei-es-2026/Scrollytelling_Eleicoes_2026/dados/renda-historico-2026-10-02.json";"2026-10-02"
"A renda melhorou para quem?";"Renda do trabalho · 2º trimestre · preços do 2º trimestre/2026";"2022";"Mediana";"1.902,27";"Estimativas do projeto: IPCA nacional médio de abril–junho, sem os deflatores regionais oficiais da PNAD. Anos selecionados; não há observações de 2023–2024 neste gráfico. Ocupados 14+ com renda habitual positiva, pesos V1028; sem intervalos de confiança.";"https://jonex-01.github.io/elei-es-2026/Scrollytelling_Eleicoes_2026/dados/renda-historico-2026-10-02.json";"2026-10-02"
"A renda melhorou para quem?";"Renda do trabalho · 2º trimestre · preços do 2º trimestre/2026";"2025";"Média";"3.636,39";"Estimativas do projeto: IPCA nacional médio de abril–junho, sem os deflatores regionais oficiais da PNAD. Anos selecionados; não há observações de 2023–2024 neste gráfico. Ocupados 14+ com renda habitual positiva, pesos V1028; sem intervalos de confiança.";"https://jonex-01.github.io/elei-es-2026/Scrollytelling_Eleicoes_2026/dados/renda-historico-2026-10-02.json";"2026-10-02"
"A renda melhorou para quem?";"Renda do trabalho · 2º trimestre · preços do 2º trimestre/2026";"2025";"Mediana";"2.091,72";"Estimativas do projeto: IPCA nacional médio de abril–junho, sem os deflatores regionais oficiais da PNAD. Anos selecionados; não há observações de 2023–2024 neste gráfico. Ocupados 14+ com renda habitual positiva, pesos V1028; sem intervalos de confiança.";"https://jonex-01.github.io/elei-es-2026/Scrollytelling_Eleicoes_2026/dados/renda-historico-2026-10-02.json";"2026-10-02"
"A renda melhorou para quem?";"Renda do trabalho · 2º trimestre · preços do 2º trimestre/2026";"2026";"Média";"3.738,16";"Estimativas do projeto: IPCA nacional médio de abril–junho, sem os deflatores regionais oficiais da PNAD. Anos selecionados; não há observações de 2023–2024 neste gráfico. Ocupados 14+ com renda habitual positiva, pesos V1028; sem intervalos de confiança.";"https://jonex-01.github.io/elei-es-2026/Scrollytelling_Eleicoes_2026/dados/renda-historico-2026-10-02.json";"2026-10-02"
"A renda melhorou para quem?";"Renda do trabalho · 2º trimestre · preços do 2º trimestre/2026";"2026";"Mediana";"2.300";"Estimativas do projeto: IPCA nacional médio de abril–junho, sem os deflatores regionais oficiais da PNAD. Anos selecionados; não há observações de 2023–2024 neste gráfico. Ocupados 14+ com renda habitual positiva, pesos V1028; sem intervalos de confiança.";"https://jonex-01.github.io/elei-es-2026/Scrollytelling_Eleicoes_2026/dados/renda-historico-2026-10-02.json";"2026-10-02"
"A renda melhorou para quem?";"O ganho chega a diferentes posições da distribuição?";"P10";"2022 → 2026";"26,16%";"Mesmo trimestre, população e correção de preços. P10 é o limite abaixo do qual estão 10% dos rendimentos ponderados; P90, 90%. Não são a renda média desses grupos nem o ganho dos mesmos indivíduos.";"https://jonex-01.github.io/elei-es-2026/Scrollytelling_Eleicoes_2026/dados/renda-historico-2026-10-02.json";"2026-10-02"
"A renda melhorou para quem?";"O ganho chega a diferentes posições da distribuição?";"P10";"2025 → 2026";"7,57%";"Mesmo trimestre, população e correção de preços. P10 é o limite abaixo do qual estão 10% dos rendimentos ponderados; P90, 90%. Não são a renda média desses grupos nem o ganho dos mesmos indivíduos.";"https://jonex-01.github.io/elei-es-2026/Scrollytelling_Eleicoes_2026/dados/renda-historico-2026-10-02.json";"2026-10-02"
"A renda melhorou para quem?";"O ganho chega a diferentes posições da distribuição?";"P50 · mediana";"2022 → 2026";"20,91%";"Mesmo trimestre, população e correção de preços. P10 é o limite abaixo do qual estão 10% dos rendimentos ponderados; P90, 90%. Não são a renda média desses grupos nem o ganho dos mesmos indivíduos.";"https://jonex-01.github.io/elei-es-2026/Scrollytelling_Eleicoes_2026/dados/renda-historico-2026-10-02.json";"2026-10-02"
"A renda melhorou para quem?";"O ganho chega a diferentes posições da distribuição?";"P50 · mediana";"2025 → 2026";"9,96%";"Mesmo trimestre, população e correção de preços. P10 é o limite abaixo do qual estão 10% dos rendimentos ponderados; P90, 90%. Não são a renda média desses grupos nem o ganho dos mesmos indivíduos.";"https://jonex-01.github.io/elei-es-2026/Scrollytelling_Eleicoes_2026/dados/renda-historico-2026-10-02.json";"2026-10-02"
"A renda melhorou para quem?";"O ganho chega a diferentes posições da distribuição?";"P90";"2022 → 2026";"17,75%";"Mesmo trimestre, população e correção de preços. P10 é o limite abaixo do qual estão 10% dos rendimentos ponderados; P90, 90%. Não são a renda média desses grupos nem o ganho dos mesmos indivíduos.";"https://jonex-01.github.io/elei-es-2026/Scrollytelling_Eleicoes_2026/dados/renda-historico-2026-10-02.json";"2026-10-02"
"A renda melhorou para quem?";"O ganho chega a diferentes posições da distribuição?";"P90";"2025 → 2026";"-4,39%";"Mesmo trimestre, população e correção de preços. P10 é o limite abaixo do qual estão 10% dos rendimentos ponderados; P90, 90%. Não são a renda média desses grupos nem o ganho dos mesmos indivíduos.";"https://jonex-01.github.io/elei-es-2026/Scrollytelling_Eleicoes_2026/dados/renda-historico-2026-10-02.json";"2026-10-02"
"O desemprego caiu porque apareceu trabalho ou porque as pessoas desistiram?";"O mesmo trimestre móvel em dois anos";"Desocupação · força de trabalho";"Jun–ago/2025";"5,6%";"Cada linha preserva sua definição e base populacional nos dois anos. As linhas usam denominadores diferentes e não devem ser somadas. O nível de ocupação ficou estável na comparação anual segundo a divulgação do IBGE.";"https://agenciagov.ebc.com.br/noticias/202609/desemprego-cai-no-trimestre-e-numero-de-pessoas-ocupadas-e-o-maior-da-serie-historica | https://www.gov.br/fazenda/pt-br/central-de-conteudo/publicacoes/conjuntura-economica/emprego-e-renda/defeso-eleitoral-2026/informativo-pnad-ago2026.html";"2026-10-02"
"O desemprego caiu porque apareceu trabalho ou porque as pessoas desistiram?";"O mesmo trimestre móvel em dois anos";"Desocupação · força de trabalho";"Jun–ago/2026";"5,3%";"Cada linha preserva sua definição e base populacional nos dois anos. As linhas usam denominadores diferentes e não devem ser somadas. O nível de ocupação ficou estável na comparação anual segundo a divulgação do IBGE.";"https://agenciagov.ebc.com.br/noticias/202609/desemprego-cai-no-trimestre-e-numero-de-pessoas-ocupadas-e-o-maior-da-serie-historica | https://www.gov.br/fazenda/pt-br/central-de-conteudo/publicacoes/conjuntura-economica/emprego-e-renda/defeso-eleitoral-2026/informativo-pnad-ago2026.html";"2026-10-02"
"O desemprego caiu porque apareceu trabalho ou porque as pessoas desistiram?";"O mesmo trimestre móvel em dois anos";"Subutilização · força ampliada";"Jun–ago/2025";"14,1%";"Cada linha preserva sua definição e base populacional nos dois anos. As linhas usam denominadores diferentes e não devem ser somadas. O nível de ocupação ficou estável na comparação anual segundo a divulgação do IBGE.";"https://agenciagov.ebc.com.br/noticias/202609/desemprego-cai-no-trimestre-e-numero-de-pessoas-ocupadas-e-o-maior-da-serie-historica | https://www.gov.br/fazenda/pt-br/central-de-conteudo/publicacoes/conjuntura-economica/emprego-e-renda/defeso-eleitoral-2026/informativo-pnad-ago2026.html";"2026-10-02"
"O desemprego caiu porque apareceu trabalho ou porque as pessoas desistiram?";"O mesmo trimestre móvel em dois anos";"Subutilização · força ampliada";"Jun–ago/2026";"13,1%";"Cada linha preserva sua definição e base populacional nos dois anos. As linhas usam denominadores diferentes e não devem ser somadas. O nível de ocupação ficou estável na comparação anual segundo a divulgação do IBGE.";"https://agenciagov.ebc.com.br/noticias/202609/desemprego-cai-no-trimestre-e-numero-de-pessoas-ocupadas-e-o-maior-da-serie-historica | https://www.gov.br/fazenda/pt-br/central-de-conteudo/publicacoes/conjuntura-economica/emprego-e-renda/defeso-eleitoral-2026/informativo-pnad-ago2026.html";"2026-10-02"
"O desemprego caiu porque apareceu trabalho ou porque as pessoas desistiram?";"O mesmo trimestre móvel em dois anos";"Nível de ocupação · população 14+";"Jun–ago/2025";"58,8%";"Cada linha preserva sua definição e base populacional nos dois anos. As linhas usam denominadores diferentes e não devem ser somadas. O nível de ocupação ficou estável na comparação anual segundo a divulgação do IBGE.";"https://agenciagov.ebc.com.br/noticias/202609/desemprego-cai-no-trimestre-e-numero-de-pessoas-ocupadas-e-o-maior-da-serie-historica | https://www.gov.br/fazenda/pt-br/central-de-conteudo/publicacoes/conjuntura-economica/emprego-e-renda/defeso-eleitoral-2026/informativo-pnad-ago2026.html";"2026-10-02"
"O desemprego caiu porque apareceu trabalho ou porque as pessoas desistiram?";"O mesmo trimestre móvel em dois anos";"Nível de ocupação · população 14+";"Jun–ago/2026";"58,9%";"Cada linha preserva sua definição e base populacional nos dois anos. As linhas usam denominadores diferentes e não devem ser somadas. O nível de ocupação ficou estável na comparação anual segundo a divulgação do IBGE.";"https://agenciagov.ebc.com.br/noticias/202609/desemprego-cai-no-trimestre-e-numero-de-pessoas-ocupadas-e-o-maior-da-serie-historica | https://www.gov.br/fazenda/pt-br/central-de-conteudo/publicacoes/conjuntura-economica/emprego-e-renda/defeso-eleitoral-2026/informativo-pnad-ago2026.html";"2026-10-02"
"O desemprego caiu porque apareceu trabalho ou porque as pessoas desistiram?";"Mercado de trabalho · Brasil · 2º trimestre de cada ano";"2022";"Desocupação";"9,3";"Desocupação: desocupados / força de trabalho. Subutilização: inclui subocupação por horas e força potencial, sobre a força ampliada. Denominadores diferentes; não somar nem subtrair as taxas.";"https://sidra.ibge.gov.br/tabela/4099";"2026-10-02"
"O desemprego caiu porque apareceu trabalho ou porque as pessoas desistiram?";"Mercado de trabalho · Brasil · 2º trimestre de cada ano";"2022";"Subutilização";"21,3";"Desocupação: desocupados / força de trabalho. Subutilização: inclui subocupação por horas e força potencial, sobre a força ampliada. Denominadores diferentes; não somar nem subtrair as taxas.";"https://sidra.ibge.gov.br/tabela/4099";"2026-10-02"
"O desemprego caiu porque apareceu trabalho ou porque as pessoas desistiram?";"Mercado de trabalho · Brasil · 2º trimestre de cada ano";"2023";"Desocupação";"8";"Desocupação: desocupados / força de trabalho. Subutilização: inclui subocupação por horas e força potencial, sobre a força ampliada. Denominadores diferentes; não somar nem subtrair as taxas.";"https://sidra.ibge.gov.br/tabela/4099";"2026-10-02"
"O desemprego caiu porque apareceu trabalho ou porque as pessoas desistiram?";"Mercado de trabalho · Brasil · 2º trimestre de cada ano";"2023";"Subutilização";"17,8";"Desocupação: desocupados / força de trabalho. Subutilização: inclui subocupação por horas e força potencial, sobre a força ampliada. Denominadores diferentes; não somar nem subtrair as taxas.";"https://sidra.ibge.gov.br/tabela/4099";"2026-10-02"
"O desemprego caiu porque apareceu trabalho ou porque as pessoas desistiram?";"Mercado de trabalho · Brasil · 2º trimestre de cada ano";"2024";"Desocupação";"6,9";"Desocupação: desocupados / força de trabalho. Subutilização: inclui subocupação por horas e força potencial, sobre a força ampliada. Denominadores diferentes; não somar nem subtrair as taxas.";"https://sidra.ibge.gov.br/tabela/4099";"2026-10-02"
"O desemprego caiu porque apareceu trabalho ou porque as pessoas desistiram?";"Mercado de trabalho · Brasil · 2º trimestre de cada ano";"2024";"Subutilização";"16,4";"Desocupação: desocupados / força de trabalho. Subutilização: inclui subocupação por horas e força potencial, sobre a força ampliada. Denominadores diferentes; não somar nem subtrair as taxas.";"https://sidra.ibge.gov.br/tabela/4099";"2026-10-02"
"O desemprego caiu porque apareceu trabalho ou porque as pessoas desistiram?";"Mercado de trabalho · Brasil · 2º trimestre de cada ano";"2025";"Desocupação";"5,8";"Desocupação: desocupados / força de trabalho. Subutilização: inclui subocupação por horas e força potencial, sobre a força ampliada. Denominadores diferentes; não somar nem subtrair as taxas.";"https://sidra.ibge.gov.br/tabela/4099";"2026-10-02"
"O desemprego caiu porque apareceu trabalho ou porque as pessoas desistiram?";"Mercado de trabalho · Brasil · 2º trimestre de cada ano";"2025";"Subutilização";"14,4";"Desocupação: desocupados / força de trabalho. Subutilização: inclui subocupação por horas e força potencial, sobre a força ampliada. Denominadores diferentes; não somar nem subtrair as taxas.";"https://sidra.ibge.gov.br/tabela/4099";"2026-10-02"
"O desemprego caiu porque apareceu trabalho ou porque as pessoas desistiram?";"Mercado de trabalho · Brasil · 2º trimestre de cada ano";"2026";"Desocupação";"5,4";"Desocupação: desocupados / força de trabalho. Subutilização: inclui subocupação por horas e força potencial, sobre a força ampliada. Denominadores diferentes; não somar nem subtrair as taxas.";"https://sidra.ibge.gov.br/tabela/4099";"2026-10-02"
"O desemprego caiu porque apareceu trabalho ou porque as pessoas desistiram?";"Mercado de trabalho · Brasil · 2º trimestre de cada ano";"2026";"Subutilização";"12,9";"Desocupação: desocupados / força de trabalho. Subutilização: inclui subocupação por horas e força potencial, sobre a força ampliada. Denominadores diferentes; não somar nem subtrair as taxas.";"https://sidra.ibge.gov.br/tabela/4099";"2026-10-02"
"O desemprego caiu porque apareceu trabalho ou porque as pessoas desistiram?";"Participação na força de trabalho · Brasil · 2º trimestre";"2022";"Participação";"62,5";"Participação mede ocupados + desocupados em relação à população de 14+. Quem não busca não é automaticamente desalentado: estudos, aposentadoria, cuidados e outros motivos também importam.";"https://sidra.ibge.gov.br/tabela/6461";"2026-10-02"
"O desemprego caiu porque apareceu trabalho ou porque as pessoas desistiram?";"Participação na força de trabalho · Brasil · 2º trimestre";"2023";"Participação";"61,5";"Participação mede ocupados + desocupados em relação à população de 14+. Quem não busca não é automaticamente desalentado: estudos, aposentadoria, cuidados e outros motivos também importam.";"https://sidra.ibge.gov.br/tabela/6461";"2026-10-02"
"O desemprego caiu porque apareceu trabalho ou porque as pessoas desistiram?";"Participação na força de trabalho · Brasil · 2º trimestre";"2024";"Participação";"62,1";"Participação mede ocupados + desocupados em relação à população de 14+. Quem não busca não é automaticamente desalentado: estudos, aposentadoria, cuidados e outros motivos também importam.";"https://sidra.ibge.gov.br/tabela/6461";"2026-10-02"
"O desemprego caiu porque apareceu trabalho ou porque as pessoas desistiram?";"Participação na força de trabalho · Brasil · 2º trimestre";"2025";"Participação";"62,4";"Participação mede ocupados + desocupados em relação à população de 14+. Quem não busca não é automaticamente desalentado: estudos, aposentadoria, cuidados e outros motivos também importam.";"https://sidra.ibge.gov.br/tabela/6461";"2026-10-02"
"O desemprego caiu porque apareceu trabalho ou porque as pessoas desistiram?";"Participação na força de trabalho · Brasil · 2º trimestre";"2026";"Participação";"62,1";"Participação mede ocupados + desocupados em relação à população de 14+. Quem não busca não é automaticamente desalentado: estudos, aposentadoria, cuidados e outros motivos também importam.";"https://sidra.ibge.gov.br/tabela/6461";"2026-10-02"
"O desemprego caiu porque apareceu trabalho ou porque as pessoas desistiram?";"A média nacional representa cada estado? · desocupação no 2º trimestre/2026";"Norte";"Menor taxa · UF";"2,6% · Rondônia";"Extremos entre estados em cada região, não taxas regionais nem ranking ajustado por perfil. Todos os 27 estados/DF e os dois trimestres estão no JSON público. Comparações pontuais sem teste de significância.";"https://sidra.ibge.gov.br/tabela/4099 | https://jonex-01.github.io/elei-es-2026/Scrollytelling_Eleicoes_2026/dados/comparacoes-evidencias-2026-10-02.json";"2026-10-02"
"O desemprego caiu porque apareceu trabalho ou porque as pessoas desistiram?";"A média nacional representa cada estado? · desocupação no 2º trimestre/2026";"Norte";"Maior taxa · UF";"9,8% · Amapá";"Extremos entre estados em cada região, não taxas regionais nem ranking ajustado por perfil. Todos os 27 estados/DF e os dois trimestres estão no JSON público. Comparações pontuais sem teste de significância.";"https://sidra.ibge.gov.br/tabela/4099 | https://jonex-01.github.io/elei-es-2026/Scrollytelling_Eleicoes_2026/dados/comparacoes-evidencias-2026-10-02.json";"2026-10-02"
"O desemprego caiu porque apareceu trabalho ou porque as pessoas desistiram?";"A média nacional representa cada estado? · desocupação no 2º trimestre/2026";"Nordeste";"Menor taxa · UF";"5,4% · Paraíba";"Extremos entre estados em cada região, não taxas regionais nem ranking ajustado por perfil. Todos os 27 estados/DF e os dois trimestres estão no JSON público. Comparações pontuais sem teste de significância.";"https://sidra.ibge.gov.br/tabela/4099 | https://jonex-01.github.io/elei-es-2026/Scrollytelling_Eleicoes_2026/dados/comparacoes-evidencias-2026-10-02.json";"2026-10-02"
"O desemprego caiu porque apareceu trabalho ou porque as pessoas desistiram?";"A média nacional representa cada estado? · desocupação no 2º trimestre/2026";"Nordeste";"Maior taxa · UF";"9,1% · Bahia";"Extremos entre estados em cada região, não taxas regionais nem ranking ajustado por perfil. Todos os 27 estados/DF e os dois trimestres estão no JSON público. Comparações pontuais sem teste de significância.";"https://sidra.ibge.gov.br/tabela/4099 | https://jonex-01.github.io/elei-es-2026/Scrollytelling_Eleicoes_2026/dados/comparacoes-evidencias-2026-10-02.json";"2026-10-02"
"O desemprego caiu porque apareceu trabalho ou porque as pessoas desistiram?";"A média nacional representa cada estado? · desocupação no 2º trimestre/2026";"Centro-Oeste";"Menor taxa · UF";"2,2% · Mato Grosso";"Extremos entre estados em cada região, não taxas regionais nem ranking ajustado por perfil. Todos os 27 estados/DF e os dois trimestres estão no JSON público. Comparações pontuais sem teste de significância.";"https://sidra.ibge.gov.br/tabela/4099 | https://jonex-01.github.io/elei-es-2026/Scrollytelling_Eleicoes_2026/dados/comparacoes-evidencias-2026-10-02.json";"2026-10-02"
"O desemprego caiu porque apareceu trabalho ou porque as pessoas desistiram?";"A média nacional representa cada estado? · desocupação no 2º trimestre/2026";"Centro-Oeste";"Maior taxa · UF";"6,5% · Distrito Federal";"Extremos entre estados em cada região, não taxas regionais nem ranking ajustado por perfil. Todos os 27 estados/DF e os dois trimestres estão no JSON público. Comparações pontuais sem teste de significância.";"https://sidra.ibge.gov.br/tabela/4099 | https://jonex-01.github.io/elei-es-2026/Scrollytelling_Eleicoes_2026/dados/comparacoes-evidencias-2026-10-02.json";"2026-10-02"
"O desemprego caiu porque apareceu trabalho ou porque as pessoas desistiram?";"A média nacional representa cada estado? · desocupação no 2º trimestre/2026";"Sudeste";"Menor taxa · UF";"2,3% · Espírito Santo";"Extremos entre estados em cada região, não taxas regionais nem ranking ajustado por perfil. Todos os 27 estados/DF e os dois trimestres estão no JSON público. Comparações pontuais sem teste de significância.";"https://sidra.ibge.gov.br/tabela/4099 | https://jonex-01.github.io/elei-es-2026/Scrollytelling_Eleicoes_2026/dados/comparacoes-evidencias-2026-10-02.json";"2026-10-02"
"O desemprego caiu porque apareceu trabalho ou porque as pessoas desistiram?";"A média nacional representa cada estado? · desocupação no 2º trimestre/2026";"Sudeste";"Maior taxa · UF";"7,1% · Rio de Janeiro";"Extremos entre estados em cada região, não taxas regionais nem ranking ajustado por perfil. Todos os 27 estados/DF e os dois trimestres estão no JSON público. Comparações pontuais sem teste de significância.";"https://sidra.ibge.gov.br/tabela/4099 | https://jonex-01.github.io/elei-es-2026/Scrollytelling_Eleicoes_2026/dados/comparacoes-evidencias-2026-10-02.json";"2026-10-02"
"O desemprego caiu porque apareceu trabalho ou porque as pessoas desistiram?";"A média nacional representa cada estado? · desocupação no 2º trimestre/2026";"Sul";"Menor taxa · UF";"2,1% · Santa Catarina";"Extremos entre estados em cada região, não taxas regionais nem ranking ajustado por perfil. Todos os 27 estados/DF e os dois trimestres estão no JSON público. Comparações pontuais sem teste de significância.";"https://sidra.ibge.gov.br/tabela/4099 | https://jonex-01.github.io/elei-es-2026/Scrollytelling_Eleicoes_2026/dados/comparacoes-evidencias-2026-10-02.json";"2026-10-02"
"O desemprego caiu porque apareceu trabalho ou porque as pessoas desistiram?";"A média nacional representa cada estado? · desocupação no 2º trimestre/2026";"Sul";"Maior taxa · UF";"4,2% · Rio Grande do Sul";"Extremos entre estados em cada região, não taxas regionais nem ranking ajustado por perfil. Todos os 27 estados/DF e os dois trimestres estão no JSON público. Comparações pontuais sem teste de significância.";"https://sidra.ibge.gov.br/tabela/4099 | https://jonex-01.github.io/elei-es-2026/Scrollytelling_Eleicoes_2026/dados/comparacoes-evidencias-2026-10-02.json";"2026-10-02"
"Empresas em dificuldade significam menos empregos formais?";"Aberturas e baixas: o mesmo quadrimestre em dois anos";"Aberturas";"Mai–ago/2024";"1.459.079";"Valores dos boletins de cada ano; cadastros podem ser revisados. Baixa cadastral não identifica a causa do encerramento nem quantos empregados havia. O saldo de registros não é saldo de empregos. Esta comparação não descreve 2026; o painel mais recente informa referência até julho/2026.";"https://www.gov.br/empresas-e-negocios/pt-br/mapa-de-empresas/boletins/mapa-de-empresas-boletim-2o-quadrimestre-2024.pdf | https://www.gov.br/empresas-e-negocios/pt-br/mapa-de-empresas/boletins/mapa-de-empresas-boletim-2o-quadrimestre-2025.pdf | https://www.gov.br/empresas-e-negocios/pt-br/mapa-de-empresas/painel-mapa-de-empresas";"2026-10-02"
"Empresas em dificuldade significam menos empregos formais?";"Aberturas e baixas: o mesmo quadrimestre em dois anos";"Aberturas";"Mai–ago/2025";"1.668.753";"Valores dos boletins de cada ano; cadastros podem ser revisados. Baixa cadastral não identifica a causa do encerramento nem quantos empregados havia. O saldo de registros não é saldo de empregos. Esta comparação não descreve 2026; o painel mais recente informa referência até julho/2026.";"https://www.gov.br/empresas-e-negocios/pt-br/mapa-de-empresas/boletins/mapa-de-empresas-boletim-2o-quadrimestre-2024.pdf | https://www.gov.br/empresas-e-negocios/pt-br/mapa-de-empresas/boletins/mapa-de-empresas-boletim-2o-quadrimestre-2025.pdf | https://www.gov.br/empresas-e-negocios/pt-br/mapa-de-empresas/painel-mapa-de-empresas";"2026-10-02"
"Empresas em dificuldade significam menos empregos formais?";"Aberturas e baixas: o mesmo quadrimestre em dois anos";"Baixas";"Mai–ago/2024";"830.525";"Valores dos boletins de cada ano; cadastros podem ser revisados. Baixa cadastral não identifica a causa do encerramento nem quantos empregados havia. O saldo de registros não é saldo de empregos. Esta comparação não descreve 2026; o painel mais recente informa referência até julho/2026.";"https://www.gov.br/empresas-e-negocios/pt-br/mapa-de-empresas/boletins/mapa-de-empresas-boletim-2o-quadrimestre-2024.pdf | https://www.gov.br/empresas-e-negocios/pt-br/mapa-de-empresas/boletins/mapa-de-empresas-boletim-2o-quadrimestre-2025.pdf | https://www.gov.br/empresas-e-negocios/pt-br/mapa-de-empresas/painel-mapa-de-empresas";"2026-10-02"
"Empresas em dificuldade significam menos empregos formais?";"Aberturas e baixas: o mesmo quadrimestre em dois anos";"Baixas";"Mai–ago/2025";"942.049";"Valores dos boletins de cada ano; cadastros podem ser revisados. Baixa cadastral não identifica a causa do encerramento nem quantos empregados havia. O saldo de registros não é saldo de empregos. Esta comparação não descreve 2026; o painel mais recente informa referência até julho/2026.";"https://www.gov.br/empresas-e-negocios/pt-br/mapa-de-empresas/boletins/mapa-de-empresas-boletim-2o-quadrimestre-2024.pdf | https://www.gov.br/empresas-e-negocios/pt-br/mapa-de-empresas/boletins/mapa-de-empresas-boletim-2o-quadrimestre-2025.pdf | https://www.gov.br/empresas-e-negocios/pt-br/mapa-de-empresas/painel-mapa-de-empresas";"2026-10-02"
"Empresas em dificuldade significam menos empregos formais?";"Aberturas e baixas: o mesmo quadrimestre em dois anos";"Saldo · aberturas menos baixas";"Mai–ago/2024";"+628.554";"Valores dos boletins de cada ano; cadastros podem ser revisados. Baixa cadastral não identifica a causa do encerramento nem quantos empregados havia. O saldo de registros não é saldo de empregos. Esta comparação não descreve 2026; o painel mais recente informa referência até julho/2026.";"https://www.gov.br/empresas-e-negocios/pt-br/mapa-de-empresas/boletins/mapa-de-empresas-boletim-2o-quadrimestre-2024.pdf | https://www.gov.br/empresas-e-negocios/pt-br/mapa-de-empresas/boletins/mapa-de-empresas-boletim-2o-quadrimestre-2025.pdf | https://www.gov.br/empresas-e-negocios/pt-br/mapa-de-empresas/painel-mapa-de-empresas";"2026-10-02"
"Empresas em dificuldade significam menos empregos formais?";"Aberturas e baixas: o mesmo quadrimestre em dois anos";"Saldo · aberturas menos baixas";"Mai–ago/2025";"+726.704";"Valores dos boletins de cada ano; cadastros podem ser revisados. Baixa cadastral não identifica a causa do encerramento nem quantos empregados havia. O saldo de registros não é saldo de empregos. Esta comparação não descreve 2026; o painel mais recente informa referência até julho/2026.";"https://www.gov.br/empresas-e-negocios/pt-br/mapa-de-empresas/boletins/mapa-de-empresas-boletim-2o-quadrimestre-2024.pdf | https://www.gov.br/empresas-e-negocios/pt-br/mapa-de-empresas/boletins/mapa-de-empresas-boletim-2o-quadrimestre-2025.pdf | https://www.gov.br/empresas-e-negocios/pt-br/mapa-de-empresas/painel-mapa-de-empresas";"2026-10-02"
"Empresas em dificuldade significam menos empregos formais?";"Histórico anual de CNPJs envolvidos em pedidos judiciais";"2012";"Recuperação judicial · requerida";"779";"Série revisada publicada em abril/2026. CNPJs envolvidos nos pedidos de cada ano, não estoque de empresas ainda em recuperação nem número de falências decretadas. Dados de 2025 preliminares; não concatenamos o indicador antigo com esta metodologia. As duas séries não devem ser somadas: pode haver sobreposição.";"https://www.serasaexperian.com.br/content/dam/serasa-institucional/releases-images-2025/indicadores/01-recuperacoes-judiciais-avancam-no-brasil-e-atingem-25-mil-empresas-em-2025-maior-nivel-da-serie-aponta.png | https://www.serasaexperian.com.br/content/dam/serasa-institucional/releases-images-2025/indicadores/06-recuperacoes-judiciais-avancam-no-brasil-e-atingem-25-mil-empresas-em-2025-maior-nivel-da-serie-aponta.png | https://jonex-01.github.io/elei-es-2026/Scrollytelling_Eleicoes_2026/dados/empresas-historico-2026-10-02.json";"2026-10-02"
"Empresas em dificuldade significam menos empregos formais?";"Histórico anual de CNPJs envolvidos em pedidos judiciais";"2012";"Falência · requerida";"1.810";"Série revisada publicada em abril/2026. CNPJs envolvidos nos pedidos de cada ano, não estoque de empresas ainda em recuperação nem número de falências decretadas. Dados de 2025 preliminares; não concatenamos o indicador antigo com esta metodologia. As duas séries não devem ser somadas: pode haver sobreposição.";"https://www.serasaexperian.com.br/content/dam/serasa-institucional/releases-images-2025/indicadores/01-recuperacoes-judiciais-avancam-no-brasil-e-atingem-25-mil-empresas-em-2025-maior-nivel-da-serie-aponta.png | https://www.serasaexperian.com.br/content/dam/serasa-institucional/releases-images-2025/indicadores/06-recuperacoes-judiciais-avancam-no-brasil-e-atingem-25-mil-empresas-em-2025-maior-nivel-da-serie-aponta.png | https://jonex-01.github.io/elei-es-2026/Scrollytelling_Eleicoes_2026/dados/empresas-historico-2026-10-02.json";"2026-10-02"
"Empresas em dificuldade significam menos empregos formais?";"Histórico anual de CNPJs envolvidos em pedidos judiciais";"2013";"Recuperação judicial · requerida";"783";"Série revisada publicada em abril/2026. CNPJs envolvidos nos pedidos de cada ano, não estoque de empresas ainda em recuperação nem número de falências decretadas. Dados de 2025 preliminares; não concatenamos o indicador antigo com esta metodologia. As duas séries não devem ser somadas: pode haver sobreposição.";"https://www.serasaexperian.com.br/content/dam/serasa-institucional/releases-images-2025/indicadores/01-recuperacoes-judiciais-avancam-no-brasil-e-atingem-25-mil-empresas-em-2025-maior-nivel-da-serie-aponta.png | https://www.serasaexperian.com.br/content/dam/serasa-institucional/releases-images-2025/indicadores/06-recuperacoes-judiciais-avancam-no-brasil-e-atingem-25-mil-empresas-em-2025-maior-nivel-da-serie-aponta.png | https://jonex-01.github.io/elei-es-2026/Scrollytelling_Eleicoes_2026/dados/empresas-historico-2026-10-02.json";"2026-10-02"
"Empresas em dificuldade significam menos empregos formais?";"Histórico anual de CNPJs envolvidos em pedidos judiciais";"2013";"Falência · requerida";"1.607";"Série revisada publicada em abril/2026. CNPJs envolvidos nos pedidos de cada ano, não estoque de empresas ainda em recuperação nem número de falências decretadas. Dados de 2025 preliminares; não concatenamos o indicador antigo com esta metodologia. As duas séries não devem ser somadas: pode haver sobreposição.";"https://www.serasaexperian.com.br/content/dam/serasa-institucional/releases-images-2025/indicadores/01-recuperacoes-judiciais-avancam-no-brasil-e-atingem-25-mil-empresas-em-2025-maior-nivel-da-serie-aponta.png | https://www.serasaexperian.com.br/content/dam/serasa-institucional/releases-images-2025/indicadores/06-recuperacoes-judiciais-avancam-no-brasil-e-atingem-25-mil-empresas-em-2025-maior-nivel-da-serie-aponta.png | https://jonex-01.github.io/elei-es-2026/Scrollytelling_Eleicoes_2026/dados/empresas-historico-2026-10-02.json";"2026-10-02"
"Empresas em dificuldade significam menos empregos formais?";"Histórico anual de CNPJs envolvidos em pedidos judiciais";"2014";"Recuperação judicial · requerida";"822";"Série revisada publicada em abril/2026. CNPJs envolvidos nos pedidos de cada ano, não estoque de empresas ainda em recuperação nem número de falências decretadas. Dados de 2025 preliminares; não concatenamos o indicador antigo com esta metodologia. As duas séries não devem ser somadas: pode haver sobreposição.";"https://www.serasaexperian.com.br/content/dam/serasa-institucional/releases-images-2025/indicadores/01-recuperacoes-judiciais-avancam-no-brasil-e-atingem-25-mil-empresas-em-2025-maior-nivel-da-serie-aponta.png | https://www.serasaexperian.com.br/content/dam/serasa-institucional/releases-images-2025/indicadores/06-recuperacoes-judiciais-avancam-no-brasil-e-atingem-25-mil-empresas-em-2025-maior-nivel-da-serie-aponta.png | https://jonex-01.github.io/elei-es-2026/Scrollytelling_Eleicoes_2026/dados/empresas-historico-2026-10-02.json";"2026-10-02"
"Empresas em dificuldade significam menos empregos formais?";"Histórico anual de CNPJs envolvidos em pedidos judiciais";"2014";"Falência · requerida";"1.706";"Série revisada publicada em abril/2026. CNPJs envolvidos nos pedidos de cada ano, não estoque de empresas ainda em recuperação nem número de falências decretadas. Dados de 2025 preliminares; não concatenamos o indicador antigo com esta metodologia. As duas séries não devem ser somadas: pode haver sobreposição.";"https://www.serasaexperian.com.br/content/dam/serasa-institucional/releases-images-2025/indicadores/01-recuperacoes-judiciais-avancam-no-brasil-e-atingem-25-mil-empresas-em-2025-maior-nivel-da-serie-aponta.png | https://www.serasaexperian.com.br/content/dam/serasa-institucional/releases-images-2025/indicadores/06-recuperacoes-judiciais-avancam-no-brasil-e-atingem-25-mil-empresas-em-2025-maior-nivel-da-serie-aponta.png | https://jonex-01.github.io/elei-es-2026/Scrollytelling_Eleicoes_2026/dados/empresas-historico-2026-10-02.json";"2026-10-02"
"Empresas em dificuldade significam menos empregos formais?";"Histórico anual de CNPJs envolvidos em pedidos judiciais";"2015";"Recuperação judicial · requerida";"1.412";"Série revisada publicada em abril/2026. CNPJs envolvidos nos pedidos de cada ano, não estoque de empresas ainda em recuperação nem número de falências decretadas. Dados de 2025 preliminares; não concatenamos o indicador antigo com esta metodologia. As duas séries não devem ser somadas: pode haver sobreposição.";"https://www.serasaexperian.com.br/content/dam/serasa-institucional/releases-images-2025/indicadores/01-recuperacoes-judiciais-avancam-no-brasil-e-atingem-25-mil-empresas-em-2025-maior-nivel-da-serie-aponta.png | https://www.serasaexperian.com.br/content/dam/serasa-institucional/releases-images-2025/indicadores/06-recuperacoes-judiciais-avancam-no-brasil-e-atingem-25-mil-empresas-em-2025-maior-nivel-da-serie-aponta.png | https://jonex-01.github.io/elei-es-2026/Scrollytelling_Eleicoes_2026/dados/empresas-historico-2026-10-02.json";"2026-10-02"
"Empresas em dificuldade significam menos empregos formais?";"Histórico anual de CNPJs envolvidos em pedidos judiciais";"2015";"Falência · requerida";"1.828";"Série revisada publicada em abril/2026. CNPJs envolvidos nos pedidos de cada ano, não estoque de empresas ainda em recuperação nem número de falências decretadas. Dados de 2025 preliminares; não concatenamos o indicador antigo com esta metodologia. As duas séries não devem ser somadas: pode haver sobreposição.";"https://www.serasaexperian.com.br/content/dam/serasa-institucional/releases-images-2025/indicadores/01-recuperacoes-judiciais-avancam-no-brasil-e-atingem-25-mil-empresas-em-2025-maior-nivel-da-serie-aponta.png | https://www.serasaexperian.com.br/content/dam/serasa-institucional/releases-images-2025/indicadores/06-recuperacoes-judiciais-avancam-no-brasil-e-atingem-25-mil-empresas-em-2025-maior-nivel-da-serie-aponta.png | https://jonex-01.github.io/elei-es-2026/Scrollytelling_Eleicoes_2026/dados/empresas-historico-2026-10-02.json";"2026-10-02"
"Empresas em dificuldade significam menos empregos formais?";"Histórico anual de CNPJs envolvidos em pedidos judiciais";"2016";"Recuperação judicial · requerida";"1.738";"Série revisada publicada em abril/2026. CNPJs envolvidos nos pedidos de cada ano, não estoque de empresas ainda em recuperação nem número de falências decretadas. Dados de 2025 preliminares; não concatenamos o indicador antigo com esta metodologia. As duas séries não devem ser somadas: pode haver sobreposição.";"https://www.serasaexperian.com.br/content/dam/serasa-institucional/releases-images-2025/indicadores/01-recuperacoes-judiciais-avancam-no-brasil-e-atingem-25-mil-empresas-em-2025-maior-nivel-da-serie-aponta.png | https://www.serasaexperian.com.br/content/dam/serasa-institucional/releases-images-2025/indicadores/06-recuperacoes-judiciais-avancam-no-brasil-e-atingem-25-mil-empresas-em-2025-maior-nivel-da-serie-aponta.png | https://jonex-01.github.io/elei-es-2026/Scrollytelling_Eleicoes_2026/dados/empresas-historico-2026-10-02.json";"2026-10-02"
"Empresas em dificuldade significam menos empregos formais?";"Histórico anual de CNPJs envolvidos em pedidos judiciais";"2016";"Falência · requerida";"1.797";"Série revisada publicada em abril/2026. CNPJs envolvidos nos pedidos de cada ano, não estoque de empresas ainda em recuperação nem número de falências decretadas. Dados de 2025 preliminares; não concatenamos o indicador antigo com esta metodologia. As duas séries não devem ser somadas: pode haver sobreposição.";"https://www.serasaexperian.com.br/content/dam/serasa-institucional/releases-images-2025/indicadores/01-recuperacoes-judiciais-avancam-no-brasil-e-atingem-25-mil-empresas-em-2025-maior-nivel-da-serie-aponta.png | https://www.serasaexperian.com.br/content/dam/serasa-institucional/releases-images-2025/indicadores/06-recuperacoes-judiciais-avancam-no-brasil-e-atingem-25-mil-empresas-em-2025-maior-nivel-da-serie-aponta.png | https://jonex-01.github.io/elei-es-2026/Scrollytelling_Eleicoes_2026/dados/empresas-historico-2026-10-02.json";"2026-10-02"
"Empresas em dificuldade significam menos empregos formais?";"Histórico anual de CNPJs envolvidos em pedidos judiciais";"2017";"Recuperação judicial · requerida";"1.814";"Série revisada publicada em abril/2026. CNPJs envolvidos nos pedidos de cada ano, não estoque de empresas ainda em recuperação nem número de falências decretadas. Dados de 2025 preliminares; não concatenamos o indicador antigo com esta metodologia. As duas séries não devem ser somadas: pode haver sobreposição.";"https://www.serasaexperian.com.br/content/dam/serasa-institucional/releases-images-2025/indicadores/01-recuperacoes-judiciais-avancam-no-brasil-e-atingem-25-mil-empresas-em-2025-maior-nivel-da-serie-aponta.png | https://www.serasaexperian.com.br/content/dam/serasa-institucional/releases-images-2025/indicadores/06-recuperacoes-judiciais-avancam-no-brasil-e-atingem-25-mil-empresas-em-2025-maior-nivel-da-serie-aponta.png | https://jonex-01.github.io/elei-es-2026/Scrollytelling_Eleicoes_2026/dados/empresas-historico-2026-10-02.json";"2026-10-02"
"Empresas em dificuldade significam menos empregos formais?";"Histórico anual de CNPJs envolvidos em pedidos judiciais";"2017";"Falência · requerida";"1.571";"Série revisada publicada em abril/2026. CNPJs envolvidos nos pedidos de cada ano, não estoque de empresas ainda em recuperação nem número de falências decretadas. Dados de 2025 preliminares; não concatenamos o indicador antigo com esta metodologia. As duas séries não devem ser somadas: pode haver sobreposição.";"https://www.serasaexperian.com.br/content/dam/serasa-institucional/releases-images-2025/indicadores/01-recuperacoes-judiciais-avancam-no-brasil-e-atingem-25-mil-empresas-em-2025-maior-nivel-da-serie-aponta.png | https://www.serasaexperian.com.br/content/dam/serasa-institucional/releases-images-2025/indicadores/06-recuperacoes-judiciais-avancam-no-brasil-e-atingem-25-mil-empresas-em-2025-maior-nivel-da-serie-aponta.png | https://jonex-01.github.io/elei-es-2026/Scrollytelling_Eleicoes_2026/dados/empresas-historico-2026-10-02.json";"2026-10-02"
"Empresas em dificuldade significam menos empregos formais?";"Histórico anual de CNPJs envolvidos em pedidos judiciais";"2018";"Recuperação judicial · requerida";"1.382";"Série revisada publicada em abril/2026. CNPJs envolvidos nos pedidos de cada ano, não estoque de empresas ainda em recuperação nem número de falências decretadas. Dados de 2025 preliminares; não concatenamos o indicador antigo com esta metodologia. As duas séries não devem ser somadas: pode haver sobreposição.";"https://www.serasaexperian.com.br/content/dam/serasa-institucional/releases-images-2025/indicadores/01-recuperacoes-judiciais-avancam-no-brasil-e-atingem-25-mil-empresas-em-2025-maior-nivel-da-serie-aponta.png | https://www.serasaexperian.com.br/content/dam/serasa-institucional/releases-images-2025/indicadores/06-recuperacoes-judiciais-avancam-no-brasil-e-atingem-25-mil-empresas-em-2025-maior-nivel-da-serie-aponta.png | https://jonex-01.github.io/elei-es-2026/Scrollytelling_Eleicoes_2026/dados/empresas-historico-2026-10-02.json";"2026-10-02"
"Empresas em dificuldade significam menos empregos formais?";"Histórico anual de CNPJs envolvidos em pedidos judiciais";"2018";"Falência · requerida";"1.377";"Série revisada publicada em abril/2026. CNPJs envolvidos nos pedidos de cada ano, não estoque de empresas ainda em recuperação nem número de falências decretadas. Dados de 2025 preliminares; não concatenamos o indicador antigo com esta metodologia. As duas séries não devem ser somadas: pode haver sobreposição.";"https://www.serasaexperian.com.br/content/dam/serasa-institucional/releases-images-2025/indicadores/01-recuperacoes-judiciais-avancam-no-brasil-e-atingem-25-mil-empresas-em-2025-maior-nivel-da-serie-aponta.png | https://www.serasaexperian.com.br/content/dam/serasa-institucional/releases-images-2025/indicadores/06-recuperacoes-judiciais-avancam-no-brasil-e-atingem-25-mil-empresas-em-2025-maior-nivel-da-serie-aponta.png | https://jonex-01.github.io/elei-es-2026/Scrollytelling_Eleicoes_2026/dados/empresas-historico-2026-10-02.json";"2026-10-02"
"Empresas em dificuldade significam menos empregos formais?";"Histórico anual de CNPJs envolvidos em pedidos judiciais";"2019";"Recuperação judicial · requerida";"1.441";"Série revisada publicada em abril/2026. CNPJs envolvidos nos pedidos de cada ano, não estoque de empresas ainda em recuperação nem número de falências decretadas. Dados de 2025 preliminares; não concatenamos o indicador antigo com esta metodologia. As duas séries não devem ser somadas: pode haver sobreposição.";"https://www.serasaexperian.com.br/content/dam/serasa-institucional/releases-images-2025/indicadores/01-recuperacoes-judiciais-avancam-no-brasil-e-atingem-25-mil-empresas-em-2025-maior-nivel-da-serie-aponta.png | https://www.serasaexperian.com.br/content/dam/serasa-institucional/releases-images-2025/indicadores/06-recuperacoes-judiciais-avancam-no-brasil-e-atingem-25-mil-empresas-em-2025-maior-nivel-da-serie-aponta.png | https://jonex-01.github.io/elei-es-2026/Scrollytelling_Eleicoes_2026/dados/empresas-historico-2026-10-02.json";"2026-10-02"
"Empresas em dificuldade significam menos empregos formais?";"Histórico anual de CNPJs envolvidos em pedidos judiciais";"2019";"Falência · requerida";"1.302";"Série revisada publicada em abril/2026. CNPJs envolvidos nos pedidos de cada ano, não estoque de empresas ainda em recuperação nem número de falências decretadas. Dados de 2025 preliminares; não concatenamos o indicador antigo com esta metodologia. As duas séries não devem ser somadas: pode haver sobreposição.";"https://www.serasaexperian.com.br/content/dam/serasa-institucional/releases-images-2025/indicadores/01-recuperacoes-judiciais-avancam-no-brasil-e-atingem-25-mil-empresas-em-2025-maior-nivel-da-serie-aponta.png | https://www.serasaexperian.com.br/content/dam/serasa-institucional/releases-images-2025/indicadores/06-recuperacoes-judiciais-avancam-no-brasil-e-atingem-25-mil-empresas-em-2025-maior-nivel-da-serie-aponta.png | https://jonex-01.github.io/elei-es-2026/Scrollytelling_Eleicoes_2026/dados/empresas-historico-2026-10-02.json";"2026-10-02"
"Empresas em dificuldade significam menos empregos formais?";"Histórico anual de CNPJs envolvidos em pedidos judiciais";"2020";"Recuperação judicial · requerida";"1.155";"Série revisada publicada em abril/2026. CNPJs envolvidos nos pedidos de cada ano, não estoque de empresas ainda em recuperação nem número de falências decretadas. Dados de 2025 preliminares; não concatenamos o indicador antigo com esta metodologia. As duas séries não devem ser somadas: pode haver sobreposição.";"https://www.serasaexperian.com.br/content/dam/serasa-institucional/releases-images-2025/indicadores/01-recuperacoes-judiciais-avancam-no-brasil-e-atingem-25-mil-empresas-em-2025-maior-nivel-da-serie-aponta.png | https://www.serasaexperian.com.br/content/dam/serasa-institucional/releases-images-2025/indicadores/06-recuperacoes-judiciais-avancam-no-brasil-e-atingem-25-mil-empresas-em-2025-maior-nivel-da-serie-aponta.png | https://jonex-01.github.io/elei-es-2026/Scrollytelling_Eleicoes_2026/dados/empresas-historico-2026-10-02.json";"2026-10-02"
"Empresas em dificuldade significam menos empregos formais?";"Histórico anual de CNPJs envolvidos em pedidos judiciais";"2020";"Falência · requerida";"814";"Série revisada publicada em abril/2026. CNPJs envolvidos nos pedidos de cada ano, não estoque de empresas ainda em recuperação nem número de falências decretadas. Dados de 2025 preliminares; não concatenamos o indicador antigo com esta metodologia. As duas séries não devem ser somadas: pode haver sobreposição.";"https://www.serasaexperian.com.br/content/dam/serasa-institucional/releases-images-2025/indicadores/01-recuperacoes-judiciais-avancam-no-brasil-e-atingem-25-mil-empresas-em-2025-maior-nivel-da-serie-aponta.png | https://www.serasaexperian.com.br/content/dam/serasa-institucional/releases-images-2025/indicadores/06-recuperacoes-judiciais-avancam-no-brasil-e-atingem-25-mil-empresas-em-2025-maior-nivel-da-serie-aponta.png | https://jonex-01.github.io/elei-es-2026/Scrollytelling_Eleicoes_2026/dados/empresas-historico-2026-10-02.json";"2026-10-02"
"Empresas em dificuldade significam menos empregos formais?";"Histórico anual de CNPJs envolvidos em pedidos judiciais";"2021";"Recuperação judicial · requerida";"911";"Série revisada publicada em abril/2026. CNPJs envolvidos nos pedidos de cada ano, não estoque de empresas ainda em recuperação nem número de falências decretadas. Dados de 2025 preliminares; não concatenamos o indicador antigo com esta metodologia. As duas séries não devem ser somadas: pode haver sobreposição.";"https://www.serasaexperian.com.br/content/dam/serasa-institucional/releases-images-2025/indicadores/01-recuperacoes-judiciais-avancam-no-brasil-e-atingem-25-mil-empresas-em-2025-maior-nivel-da-serie-aponta.png | https://www.serasaexperian.com.br/content/dam/serasa-institucional/releases-images-2025/indicadores/06-recuperacoes-judiciais-avancam-no-brasil-e-atingem-25-mil-empresas-em-2025-maior-nivel-da-serie-aponta.png | https://jonex-01.github.io/elei-es-2026/Scrollytelling_Eleicoes_2026/dados/empresas-historico-2026-10-02.json";"2026-10-02"
"Empresas em dificuldade significam menos empregos formais?";"Histórico anual de CNPJs envolvidos em pedidos judiciais";"2021";"Falência · requerida";"817";"Série revisada publicada em abril/2026. CNPJs envolvidos nos pedidos de cada ano, não estoque de empresas ainda em recuperação nem número de falências decretadas. Dados de 2025 preliminares; não concatenamos o indicador antigo com esta metodologia. As duas séries não devem ser somadas: pode haver sobreposição.";"https://www.serasaexperian.com.br/content/dam/serasa-institucional/releases-images-2025/indicadores/01-recuperacoes-judiciais-avancam-no-brasil-e-atingem-25-mil-empresas-em-2025-maior-nivel-da-serie-aponta.png | https://www.serasaexperian.com.br/content/dam/serasa-institucional/releases-images-2025/indicadores/06-recuperacoes-judiciais-avancam-no-brasil-e-atingem-25-mil-empresas-em-2025-maior-nivel-da-serie-aponta.png | https://jonex-01.github.io/elei-es-2026/Scrollytelling_Eleicoes_2026/dados/empresas-historico-2026-10-02.json";"2026-10-02"
"Empresas em dificuldade significam menos empregos formais?";"Histórico anual de CNPJs envolvidos em pedidos judiciais";"2022";"Recuperação judicial · requerida";"1.269";"Série revisada publicada em abril/2026. CNPJs envolvidos nos pedidos de cada ano, não estoque de empresas ainda em recuperação nem número de falências decretadas. Dados de 2025 preliminares; não concatenamos o indicador antigo com esta metodologia. As duas séries não devem ser somadas: pode haver sobreposição.";"https://www.serasaexperian.com.br/content/dam/serasa-institucional/releases-images-2025/indicadores/01-recuperacoes-judiciais-avancam-no-brasil-e-atingem-25-mil-empresas-em-2025-maior-nivel-da-serie-aponta.png | https://www.serasaexperian.com.br/content/dam/serasa-institucional/releases-images-2025/indicadores/06-recuperacoes-judiciais-avancam-no-brasil-e-atingem-25-mil-empresas-em-2025-maior-nivel-da-serie-aponta.png | https://jonex-01.github.io/elei-es-2026/Scrollytelling_Eleicoes_2026/dados/empresas-historico-2026-10-02.json";"2026-10-02"
"Empresas em dificuldade significam menos empregos formais?";"Histórico anual de CNPJs envolvidos em pedidos judiciais";"2022";"Falência · requerida";"826";"Série revisada publicada em abril/2026. CNPJs envolvidos nos pedidos de cada ano, não estoque de empresas ainda em recuperação nem número de falências decretadas. Dados de 2025 preliminares; não concatenamos o indicador antigo com esta metodologia. As duas séries não devem ser somadas: pode haver sobreposição.";"https://www.serasaexperian.com.br/content/dam/serasa-institucional/releases-images-2025/indicadores/01-recuperacoes-judiciais-avancam-no-brasil-e-atingem-25-mil-empresas-em-2025-maior-nivel-da-serie-aponta.png | https://www.serasaexperian.com.br/content/dam/serasa-institucional/releases-images-2025/indicadores/06-recuperacoes-judiciais-avancam-no-brasil-e-atingem-25-mil-empresas-em-2025-maior-nivel-da-serie-aponta.png | https://jonex-01.github.io/elei-es-2026/Scrollytelling_Eleicoes_2026/dados/empresas-historico-2026-10-02.json";"2026-10-02"
"Empresas em dificuldade significam menos empregos formais?";"Histórico anual de CNPJs envolvidos em pedidos judiciais";"2023";"Recuperação judicial · requerida";"1.728";"Série revisada publicada em abril/2026. CNPJs envolvidos nos pedidos de cada ano, não estoque de empresas ainda em recuperação nem número de falências decretadas. Dados de 2025 preliminares; não concatenamos o indicador antigo com esta metodologia. As duas séries não devem ser somadas: pode haver sobreposição.";"https://www.serasaexperian.com.br/content/dam/serasa-institucional/releases-images-2025/indicadores/01-recuperacoes-judiciais-avancam-no-brasil-e-atingem-25-mil-empresas-em-2025-maior-nivel-da-serie-aponta.png | https://www.serasaexperian.com.br/content/dam/serasa-institucional/releases-images-2025/indicadores/06-recuperacoes-judiciais-avancam-no-brasil-e-atingem-25-mil-empresas-em-2025-maior-nivel-da-serie-aponta.png | https://jonex-01.github.io/elei-es-2026/Scrollytelling_Eleicoes_2026/dados/empresas-historico-2026-10-02.json";"2026-10-02"
"Empresas em dificuldade significam menos empregos formais?";"Histórico anual de CNPJs envolvidos em pedidos judiciais";"2023";"Falência · requerida";"846";"Série revisada publicada em abril/2026. CNPJs envolvidos nos pedidos de cada ano, não estoque de empresas ainda em recuperação nem número de falências decretadas. Dados de 2025 preliminares; não concatenamos o indicador antigo com esta metodologia. As duas séries não devem ser somadas: pode haver sobreposição.";"https://www.serasaexperian.com.br/content/dam/serasa-institucional/releases-images-2025/indicadores/01-recuperacoes-judiciais-avancam-no-brasil-e-atingem-25-mil-empresas-em-2025-maior-nivel-da-serie-aponta.png | https://www.serasaexperian.com.br/content/dam/serasa-institucional/releases-images-2025/indicadores/06-recuperacoes-judiciais-avancam-no-brasil-e-atingem-25-mil-empresas-em-2025-maior-nivel-da-serie-aponta.png | https://jonex-01.github.io/elei-es-2026/Scrollytelling_Eleicoes_2026/dados/empresas-historico-2026-10-02.json";"2026-10-02"
"Empresas em dificuldade significam menos empregos formais?";"Histórico anual de CNPJs envolvidos em pedidos judiciais";"2024";"Recuperação judicial · requerida";"2.184";"Série revisada publicada em abril/2026. CNPJs envolvidos nos pedidos de cada ano, não estoque de empresas ainda em recuperação nem número de falências decretadas. Dados de 2025 preliminares; não concatenamos o indicador antigo com esta metodologia. As duas séries não devem ser somadas: pode haver sobreposição.";"https://www.serasaexperian.com.br/content/dam/serasa-institucional/releases-images-2025/indicadores/01-recuperacoes-judiciais-avancam-no-brasil-e-atingem-25-mil-empresas-em-2025-maior-nivel-da-serie-aponta.png | https://www.serasaexperian.com.br/content/dam/serasa-institucional/releases-images-2025/indicadores/06-recuperacoes-judiciais-avancam-no-brasil-e-atingem-25-mil-empresas-em-2025-maior-nivel-da-serie-aponta.png | https://jonex-01.github.io/elei-es-2026/Scrollytelling_Eleicoes_2026/dados/empresas-historico-2026-10-02.json";"2026-10-02"
"Empresas em dificuldade significam menos empregos formais?";"Histórico anual de CNPJs envolvidos em pedidos judiciais";"2024";"Falência · requerida";"862";"Série revisada publicada em abril/2026. CNPJs envolvidos nos pedidos de cada ano, não estoque de empresas ainda em recuperação nem número de falências decretadas. Dados de 2025 preliminares; não concatenamos o indicador antigo com esta metodologia. As duas séries não devem ser somadas: pode haver sobreposição.";"https://www.serasaexperian.com.br/content/dam/serasa-institucional/releases-images-2025/indicadores/01-recuperacoes-judiciais-avancam-no-brasil-e-atingem-25-mil-empresas-em-2025-maior-nivel-da-serie-aponta.png | https://www.serasaexperian.com.br/content/dam/serasa-institucional/releases-images-2025/indicadores/06-recuperacoes-judiciais-avancam-no-brasil-e-atingem-25-mil-empresas-em-2025-maior-nivel-da-serie-aponta.png | https://jonex-01.github.io/elei-es-2026/Scrollytelling_Eleicoes_2026/dados/empresas-historico-2026-10-02.json";"2026-10-02"
"Empresas em dificuldade significam menos empregos formais?";"Histórico anual de CNPJs envolvidos em pedidos judiciais";"2025";"Recuperação judicial · requerida";"2.466";"Série revisada publicada em abril/2026. CNPJs envolvidos nos pedidos de cada ano, não estoque de empresas ainda em recuperação nem número de falências decretadas. Dados de 2025 preliminares; não concatenamos o indicador antigo com esta metodologia. As duas séries não devem ser somadas: pode haver sobreposição.";"https://www.serasaexperian.com.br/content/dam/serasa-institucional/releases-images-2025/indicadores/01-recuperacoes-judiciais-avancam-no-brasil-e-atingem-25-mil-empresas-em-2025-maior-nivel-da-serie-aponta.png | https://www.serasaexperian.com.br/content/dam/serasa-institucional/releases-images-2025/indicadores/06-recuperacoes-judiciais-avancam-no-brasil-e-atingem-25-mil-empresas-em-2025-maior-nivel-da-serie-aponta.png | https://jonex-01.github.io/elei-es-2026/Scrollytelling_Eleicoes_2026/dados/empresas-historico-2026-10-02.json";"2026-10-02"
"Empresas em dificuldade significam menos empregos formais?";"Histórico anual de CNPJs envolvidos em pedidos judiciais";"2025";"Falência · requerida";"698";"Série revisada publicada em abril/2026. CNPJs envolvidos nos pedidos de cada ano, não estoque de empresas ainda em recuperação nem número de falências decretadas. Dados de 2025 preliminares; não concatenamos o indicador antigo com esta metodologia. As duas séries não devem ser somadas: pode haver sobreposição.";"https://www.serasaexperian.com.br/content/dam/serasa-institucional/releases-images-2025/indicadores/01-recuperacoes-judiciais-avancam-no-brasil-e-atingem-25-mil-empresas-em-2025-maior-nivel-da-serie-aponta.png | https://www.serasaexperian.com.br/content/dam/serasa-institucional/releases-images-2025/indicadores/06-recuperacoes-judiciais-avancam-no-brasil-e-atingem-25-mil-empresas-em-2025-maior-nivel-da-serie-aponta.png | https://jonex-01.github.io/elei-es-2026/Scrollytelling_Eleicoes_2026/dados/empresas-historico-2026-10-02.json";"2026-10-02"
"Empresas em dificuldade significam menos empregos formais?";"2026 parcial: processos e CNPJs são contagens distintas";"Recuperação judicial requerida";"Processos";"268";"Última referência localizada no indicador até a revisão de 02/10/2026. Há defasagem informacional média de três meses e revisões retroativas. Quatro meses não são comparáveis a um ano inteiro; não anualizamos estes números.";"https://www.serasaexperian.com.br/conteudos/indicadores-economicos/ | https://www.serasaexperian.com.br/sala-de-imprensa/indicadores/pedidos-de-recuperacao-judicial-somaram-60-processos-em-abril-aponta-serasa-experian/";"2026-10-02"
"Empresas em dificuldade significam menos empregos formais?";"2026 parcial: processos e CNPJs são contagens distintas";"Recuperação judicial requerida";"CNPJs envolvidos";"602";"Última referência localizada no indicador até a revisão de 02/10/2026. Há defasagem informacional média de três meses e revisões retroativas. Quatro meses não são comparáveis a um ano inteiro; não anualizamos estes números.";"https://www.serasaexperian.com.br/conteudos/indicadores-economicos/ | https://www.serasaexperian.com.br/sala-de-imprensa/indicadores/pedidos-de-recuperacao-judicial-somaram-60-processos-em-abril-aponta-serasa-experian/";"2026-10-02"
"Empresas em dificuldade significam menos empregos formais?";"2026 parcial: processos e CNPJs são contagens distintas";"Falência requerida";"Processos";"224";"Última referência localizada no indicador até a revisão de 02/10/2026. Há defasagem informacional média de três meses e revisões retroativas. Quatro meses não são comparáveis a um ano inteiro; não anualizamos estes números.";"https://www.serasaexperian.com.br/conteudos/indicadores-economicos/ | https://www.serasaexperian.com.br/sala-de-imprensa/indicadores/pedidos-de-recuperacao-judicial-somaram-60-processos-em-abril-aponta-serasa-experian/";"2026-10-02"
"Empresas em dificuldade significam menos empregos formais?";"2026 parcial: processos e CNPJs são contagens distintas";"Falência requerida";"CNPJs envolvidos";"234";"Última referência localizada no indicador até a revisão de 02/10/2026. Há defasagem informacional média de três meses e revisões retroativas. Quatro meses não são comparáveis a um ano inteiro; não anualizamos estes números.";"https://www.serasaexperian.com.br/conteudos/indicadores-economicos/ | https://www.serasaexperian.com.br/sala-de-imprensa/indicadores/pedidos-de-recuperacao-judicial-somaram-60-processos-em-abril-aponta-serasa-experian/";"2026-10-02"
"Empresas em dificuldade significam menos empregos formais?";"Emprego formal: admissões e desligamentos no mesmo mês";"Admissões";"Vínculos";"2.294.563";"Vínculos, não pessoas únicas ou CNPJs. Os desligamentos abrangem diferentes motivos; esta tabela não identifica demissões causadas por falências. É outra base e outro período, apresentados separadamente dos pedidos judiciais.";"https://www.gov.br/trabalho-e-emprego/pt-br/noticias-e-conteudo/2026/setembro/novo-caged-emprego-formal-gera-165-8-mil-vagas-em-agosto-e-acumula-1-13-milhao-de-postos-no-ano/";"2026-10-02"
"Empresas em dificuldade significam menos empregos formais?";"Emprego formal: admissões e desligamentos no mesmo mês";"Desligamentos";"Vínculos";"2.128.736";"Vínculos, não pessoas únicas ou CNPJs. Os desligamentos abrangem diferentes motivos; esta tabela não identifica demissões causadas por falências. É outra base e outro período, apresentados separadamente dos pedidos judiciais.";"https://www.gov.br/trabalho-e-emprego/pt-br/noticias-e-conteudo/2026/setembro/novo-caged-emprego-formal-gera-165-8-mil-vagas-em-agosto-e-acumula-1-13-milhao-de-postos-no-ano/";"2026-10-02"
"Empresas em dificuldade significam menos empregos formais?";"Emprego formal: admissões e desligamentos no mesmo mês";"Saldo · admissões menos desligamentos";"Vínculos";"+165.827";"Vínculos, não pessoas únicas ou CNPJs. Os desligamentos abrangem diferentes motivos; esta tabela não identifica demissões causadas por falências. É outra base e outro período, apresentados separadamente dos pedidos judiciais.";"https://www.gov.br/trabalho-e-emprego/pt-br/noticias-e-conteudo/2026/setembro/novo-caged-emprego-formal-gera-165-8-mil-vagas-em-agosto-e-acumula-1-13-milhao-de-postos-no-ano/";"2026-10-02"
"O crescimento de hoje está preparando a produção de amanhã?";"Variação real frente ao trimestre imediatamente anterior";"PIB";"1º tri/2026";"+1,1%";"Variações reais com ajuste sazonal. Cada coluna compara com o trimestre anterior; não são contribuições ao PIB nem taxas para somar.";"https://www.gov.br/fazenda/pt-br/central-de-conteudo/publicacoes/conjuntura-economica/atividade-economica/defeso-eleitoral-2026/informativo-pib-jun2026.html";"2026-10-02"
"O crescimento de hoje está preparando a produção de amanhã?";"Variação real frente ao trimestre imediatamente anterior";"PIB";"2º tri/2026";"+0,5%";"Variações reais com ajuste sazonal. Cada coluna compara com o trimestre anterior; não são contribuições ao PIB nem taxas para somar.";"https://www.gov.br/fazenda/pt-br/central-de-conteudo/publicacoes/conjuntura-economica/atividade-economica/defeso-eleitoral-2026/informativo-pib-jun2026.html";"2026-10-02"
"O crescimento de hoje está preparando a produção de amanhã?";"Variação real frente ao trimestre imediatamente anterior";"Investimento em capital fixo";"1º tri/2026";"+3,4%";"Variações reais com ajuste sazonal. Cada coluna compara com o trimestre anterior; não são contribuições ao PIB nem taxas para somar.";"https://www.gov.br/fazenda/pt-br/central-de-conteudo/publicacoes/conjuntura-economica/atividade-economica/defeso-eleitoral-2026/informativo-pib-jun2026.html";"2026-10-02"
"O crescimento de hoje está preparando a produção de amanhã?";"Variação real frente ao trimestre imediatamente anterior";"Investimento em capital fixo";"2º tri/2026";"+1,2%";"Variações reais com ajuste sazonal. Cada coluna compara com o trimestre anterior; não são contribuições ao PIB nem taxas para somar.";"https://www.gov.br/fazenda/pt-br/central-de-conteudo/publicacoes/conjuntura-economica/atividade-economica/defeso-eleitoral-2026/informativo-pib-jun2026.html";"2026-10-02"
"O crescimento de hoje está preparando a produção de amanhã?";"Variação real frente ao trimestre imediatamente anterior";"Consumo das famílias";"1º tri/2026";"+0,8%";"Variações reais com ajuste sazonal. Cada coluna compara com o trimestre anterior; não são contribuições ao PIB nem taxas para somar.";"https://www.gov.br/fazenda/pt-br/central-de-conteudo/publicacoes/conjuntura-economica/atividade-economica/defeso-eleitoral-2026/informativo-pib-jun2026.html";"2026-10-02"
"O crescimento de hoje está preparando a produção de amanhã?";"Variação real frente ao trimestre imediatamente anterior";"Consumo das famílias";"2º tri/2026";"−0,4%";"Variações reais com ajuste sazonal. Cada coluna compara com o trimestre anterior; não são contribuições ao PIB nem taxas para somar.";"https://www.gov.br/fazenda/pt-br/central-de-conteudo/publicacoes/conjuntura-economica/atividade-economica/defeso-eleitoral-2026/informativo-pib-jun2026.html";"2026-10-02"
"O crescimento de hoje está preparando a produção de amanhã?";"Outra janela: quatro trimestres até junho de 2026";"PIB";"Contra os quatro trimestres anteriores";"+1,9%";"A mesma janela de quatro trimestres para os dois indicadores. Este resultado não é o ano fechado de 2026.";"https://www.gov.br/fazenda/pt-br/central-de-conteudo/publicacoes/conjuntura-economica/atividade-economica/defeso-eleitoral-2026/informativo-pib-jun2026.html";"2026-10-02"
"O crescimento de hoje está preparando a produção de amanhã?";"Outra janela: quatro trimestres até junho de 2026";"Investimento em capital fixo";"Contra os quatro trimestres anteriores";"−0,2%";"A mesma janela de quatro trimestres para os dois indicadores. Este resultado não é o ano fechado de 2026.";"https://www.gov.br/fazenda/pt-br/central-de-conteudo/publicacoes/conjuntura-economica/atividade-economica/defeso-eleitoral-2026/informativo-pib-jun2026.html";"2026-10-02"
"O Brasil melhorou ou apenas mudou de posição?";"PIB real · trajetória desde 2022";"2022";"Brasil";"100";"Índices calculados pelo projeto, encadeando as variações reais de 2023, 2024 e 2025. Não somar taxas. A referência regional inclui todos os níveis de renda; o mundo inclui o Brasil. Dados WDI revisáveis, consulta em 02/10/2026; 2026 excluído.";"https://data.worldbank.org/indicator/NY.GDP.MKTP.KD.ZG | https://jonex-01.github.io/elei-es-2026/Scrollytelling_Eleicoes_2026/dados/comparacoes-evidencias-2026-10-02.json";"2026-10-02"
"O Brasil melhorou ou apenas mudou de posição?";"PIB real · trajetória desde 2022";"2022";"Mundo";"100";"Índices calculados pelo projeto, encadeando as variações reais de 2023, 2024 e 2025. Não somar taxas. A referência regional inclui todos os níveis de renda; o mundo inclui o Brasil. Dados WDI revisáveis, consulta em 02/10/2026; 2026 excluído.";"https://data.worldbank.org/indicator/NY.GDP.MKTP.KD.ZG | https://jonex-01.github.io/elei-es-2026/Scrollytelling_Eleicoes_2026/dados/comparacoes-evidencias-2026-10-02.json";"2026-10-02"
"O Brasil melhorou ou apenas mudou de posição?";"PIB real · trajetória desde 2022";"2022";"América Latina e Caribe";"100";"Índices calculados pelo projeto, encadeando as variações reais de 2023, 2024 e 2025. Não somar taxas. A referência regional inclui todos os níveis de renda; o mundo inclui o Brasil. Dados WDI revisáveis, consulta em 02/10/2026; 2026 excluído.";"https://data.worldbank.org/indicator/NY.GDP.MKTP.KD.ZG | https://jonex-01.github.io/elei-es-2026/Scrollytelling_Eleicoes_2026/dados/comparacoes-evidencias-2026-10-02.json";"2026-10-02"
"O Brasil melhorou ou apenas mudou de posição?";"PIB real · trajetória desde 2022";"2023";"Brasil";"103,24";"Índices calculados pelo projeto, encadeando as variações reais de 2023, 2024 e 2025. Não somar taxas. A referência regional inclui todos os níveis de renda; o mundo inclui o Brasil. Dados WDI revisáveis, consulta em 02/10/2026; 2026 excluído.";"https://data.worldbank.org/indicator/NY.GDP.MKTP.KD.ZG | https://jonex-01.github.io/elei-es-2026/Scrollytelling_Eleicoes_2026/dados/comparacoes-evidencias-2026-10-02.json";"2026-10-02"
"O Brasil melhorou ou apenas mudou de posição?";"PIB real · trajetória desde 2022";"2023";"Mundo";"102,86";"Índices calculados pelo projeto, encadeando as variações reais de 2023, 2024 e 2025. Não somar taxas. A referência regional inclui todos os níveis de renda; o mundo inclui o Brasil. Dados WDI revisáveis, consulta em 02/10/2026; 2026 excluído.";"https://data.worldbank.org/indicator/NY.GDP.MKTP.KD.ZG | https://jonex-01.github.io/elei-es-2026/Scrollytelling_Eleicoes_2026/dados/comparacoes-evidencias-2026-10-02.json";"2026-10-02"
"O Brasil melhorou ou apenas mudou de posição?";"PIB real · trajetória desde 2022";"2023";"América Latina e Caribe";"102,21";"Índices calculados pelo projeto, encadeando as variações reais de 2023, 2024 e 2025. Não somar taxas. A referência regional inclui todos os níveis de renda; o mundo inclui o Brasil. Dados WDI revisáveis, consulta em 02/10/2026; 2026 excluído.";"https://data.worldbank.org/indicator/NY.GDP.MKTP.KD.ZG | https://jonex-01.github.io/elei-es-2026/Scrollytelling_Eleicoes_2026/dados/comparacoes-evidencias-2026-10-02.json";"2026-10-02"
"O Brasil melhorou ou apenas mudou de posição?";"PIB real · trajetória desde 2022";"2024";"Brasil";"106,77";"Índices calculados pelo projeto, encadeando as variações reais de 2023, 2024 e 2025. Não somar taxas. A referência regional inclui todos os níveis de renda; o mundo inclui o Brasil. Dados WDI revisáveis, consulta em 02/10/2026; 2026 excluído.";"https://data.worldbank.org/indicator/NY.GDP.MKTP.KD.ZG | https://jonex-01.github.io/elei-es-2026/Scrollytelling_Eleicoes_2026/dados/comparacoes-evidencias-2026-10-02.json";"2026-10-02"
"O Brasil melhorou ou apenas mudou de posição?";"PIB real · trajetória desde 2022";"2024";"Mundo";"105,84";"Índices calculados pelo projeto, encadeando as variações reais de 2023, 2024 e 2025. Não somar taxas. A referência regional inclui todos os níveis de renda; o mundo inclui o Brasil. Dados WDI revisáveis, consulta em 02/10/2026; 2026 excluído.";"https://data.worldbank.org/indicator/NY.GDP.MKTP.KD.ZG | https://jonex-01.github.io/elei-es-2026/Scrollytelling_Eleicoes_2026/dados/comparacoes-evidencias-2026-10-02.json";"2026-10-02"
"O Brasil melhorou ou apenas mudou de posição?";"PIB real · trajetória desde 2022";"2024";"América Latina e Caribe";"104,51";"Índices calculados pelo projeto, encadeando as variações reais de 2023, 2024 e 2025. Não somar taxas. A referência regional inclui todos os níveis de renda; o mundo inclui o Brasil. Dados WDI revisáveis, consulta em 02/10/2026; 2026 excluído.";"https://data.worldbank.org/indicator/NY.GDP.MKTP.KD.ZG | https://jonex-01.github.io/elei-es-2026/Scrollytelling_Eleicoes_2026/dados/comparacoes-evidencias-2026-10-02.json";"2026-10-02"
"O Brasil melhorou ou apenas mudou de posição?";"PIB real · trajetória desde 2022";"2025";"Brasil";"109,21";"Índices calculados pelo projeto, encadeando as variações reais de 2023, 2024 e 2025. Não somar taxas. A referência regional inclui todos os níveis de renda; o mundo inclui o Brasil. Dados WDI revisáveis, consulta em 02/10/2026; 2026 excluído.";"https://data.worldbank.org/indicator/NY.GDP.MKTP.KD.ZG | https://jonex-01.github.io/elei-es-2026/Scrollytelling_Eleicoes_2026/dados/comparacoes-evidencias-2026-10-02.json";"2026-10-02"
"O Brasil melhorou ou apenas mudou de posição?";"PIB real · trajetória desde 2022";"2025";"Mundo";"108,93";"Índices calculados pelo projeto, encadeando as variações reais de 2023, 2024 e 2025. Não somar taxas. A referência regional inclui todos os níveis de renda; o mundo inclui o Brasil. Dados WDI revisáveis, consulta em 02/10/2026; 2026 excluído.";"https://data.worldbank.org/indicator/NY.GDP.MKTP.KD.ZG | https://jonex-01.github.io/elei-es-2026/Scrollytelling_Eleicoes_2026/dados/comparacoes-evidencias-2026-10-02.json";"2026-10-02"
"O Brasil melhorou ou apenas mudou de posição?";"PIB real · trajetória desde 2022";"2025";"América Latina e Caribe";"106,94";"Índices calculados pelo projeto, encadeando as variações reais de 2023, 2024 e 2025. Não somar taxas. A referência regional inclui todos os níveis de renda; o mundo inclui o Brasil. Dados WDI revisáveis, consulta em 02/10/2026; 2026 excluído.";"https://data.worldbank.org/indicator/NY.GDP.MKTP.KD.ZG | https://jonex-01.github.io/elei-es-2026/Scrollytelling_Eleicoes_2026/dados/comparacoes-evidencias-2026-10-02.json";"2026-10-02"
"O Brasil melhorou ou apenas mudou de posição?";"PIB real por habitante · mesmas referências";"2022";"Brasil";"100";"Mesma fonte e intervalo. Uma base igual permite comparar crescimento, não níveis de riqueza. PIB por habitante não é salário nem renda mediana; não mostra como o produto é distribuído.";"https://data.worldbank.org/indicator/NY.GDP.PCAP.KD.ZG | https://jonex-01.github.io/elei-es-2026/Scrollytelling_Eleicoes_2026/dados/comparacoes-evidencias-2026-10-02.json";"2026-10-02"
"O Brasil melhorou ou apenas mudou de posição?";"PIB real por habitante · mesmas referências";"2022";"Mundo";"100";"Mesma fonte e intervalo. Uma base igual permite comparar crescimento, não níveis de riqueza. PIB por habitante não é salário nem renda mediana; não mostra como o produto é distribuído.";"https://data.worldbank.org/indicator/NY.GDP.PCAP.KD.ZG | https://jonex-01.github.io/elei-es-2026/Scrollytelling_Eleicoes_2026/dados/comparacoes-evidencias-2026-10-02.json";"2026-10-02"
"O Brasil melhorou ou apenas mudou de posição?";"PIB real por habitante · mesmas referências";"2022";"América Latina e Caribe";"100";"Mesma fonte e intervalo. Uma base igual permite comparar crescimento, não níveis de riqueza. PIB por habitante não é salário nem renda mediana; não mostra como o produto é distribuído.";"https://data.worldbank.org/indicator/NY.GDP.PCAP.KD.ZG | https://jonex-01.github.io/elei-es-2026/Scrollytelling_Eleicoes_2026/dados/comparacoes-evidencias-2026-10-02.json";"2026-10-02"
"O Brasil melhorou ou apenas mudou de posição?";"PIB real por habitante · mesmas referências";"2023";"Brasil";"102,83";"Mesma fonte e intervalo. Uma base igual permite comparar crescimento, não níveis de riqueza. PIB por habitante não é salário nem renda mediana; não mostra como o produto é distribuído.";"https://data.worldbank.org/indicator/NY.GDP.PCAP.KD.ZG | https://jonex-01.github.io/elei-es-2026/Scrollytelling_Eleicoes_2026/dados/comparacoes-evidencias-2026-10-02.json";"2026-10-02"
"O Brasil melhorou ou apenas mudou de posição?";"PIB real por habitante · mesmas referências";"2023";"Mundo";"101,91";"Mesma fonte e intervalo. Uma base igual permite comparar crescimento, não níveis de riqueza. PIB por habitante não é salário nem renda mediana; não mostra como o produto é distribuído.";"https://data.worldbank.org/indicator/NY.GDP.PCAP.KD.ZG | https://jonex-01.github.io/elei-es-2026/Scrollytelling_Eleicoes_2026/dados/comparacoes-evidencias-2026-10-02.json";"2026-10-02"
"O Brasil melhorou ou apenas mudou de posição?";"PIB real por habitante · mesmas referências";"2023";"América Latina e Caribe";"101,51";"Mesma fonte e intervalo. Uma base igual permite comparar crescimento, não níveis de riqueza. PIB por habitante não é salário nem renda mediana; não mostra como o produto é distribuído.";"https://data.worldbank.org/indicator/NY.GDP.PCAP.KD.ZG | https://jonex-01.github.io/elei-es-2026/Scrollytelling_Eleicoes_2026/dados/comparacoes-evidencias-2026-10-02.json";"2026-10-02"
"O Brasil melhorou ou apenas mudou de posição?";"PIB real por habitante · mesmas referências";"2024";"Brasil";"105,92";"Mesma fonte e intervalo. Uma base igual permite comparar crescimento, não níveis de riqueza. PIB por habitante não é salário nem renda mediana; não mostra como o produto é distribuído.";"https://data.worldbank.org/indicator/NY.GDP.PCAP.KD.ZG | https://jonex-01.github.io/elei-es-2026/Scrollytelling_Eleicoes_2026/dados/comparacoes-evidencias-2026-10-02.json";"2026-10-02"
"O Brasil melhorou ou apenas mudou de posição?";"PIB real por habitante · mesmas referências";"2024";"Mundo";"103,86";"Mesma fonte e intervalo. Uma base igual permite comparar crescimento, não níveis de riqueza. PIB por habitante não é salário nem renda mediana; não mostra como o produto é distribuído.";"https://data.worldbank.org/indicator/NY.GDP.PCAP.KD.ZG | https://jonex-01.github.io/elei-es-2026/Scrollytelling_Eleicoes_2026/dados/comparacoes-evidencias-2026-10-02.json";"2026-10-02"
"O Brasil melhorou ou apenas mudou de posição?";"PIB real por habitante · mesmas referências";"2024";"América Latina e Caribe";"103,08";"Mesma fonte e intervalo. Uma base igual permite comparar crescimento, não níveis de riqueza. PIB por habitante não é salário nem renda mediana; não mostra como o produto é distribuído.";"https://data.worldbank.org/indicator/NY.GDP.PCAP.KD.ZG | https://jonex-01.github.io/elei-es-2026/Scrollytelling_Eleicoes_2026/dados/comparacoes-evidencias-2026-10-02.json";"2026-10-02"
"O Brasil melhorou ou apenas mudou de posição?";"PIB real por habitante · mesmas referências";"2025";"Brasil";"107,93";"Mesma fonte e intervalo. Uma base igual permite comparar crescimento, não níveis de riqueza. PIB por habitante não é salário nem renda mediana; não mostra como o produto é distribuído.";"https://data.worldbank.org/indicator/NY.GDP.PCAP.KD.ZG | https://jonex-01.github.io/elei-es-2026/Scrollytelling_Eleicoes_2026/dados/comparacoes-evidencias-2026-10-02.json";"2026-10-02"
"O Brasil melhorou ou apenas mudou de posição?";"PIB real por habitante · mesmas referências";"2025";"Mundo";"105,93";"Mesma fonte e intervalo. Uma base igual permite comparar crescimento, não níveis de riqueza. PIB por habitante não é salário nem renda mediana; não mostra como o produto é distribuído.";"https://data.worldbank.org/indicator/NY.GDP.PCAP.KD.ZG | https://jonex-01.github.io/elei-es-2026/Scrollytelling_Eleicoes_2026/dados/comparacoes-evidencias-2026-10-02.json";"2026-10-02"
"O Brasil melhorou ou apenas mudou de posição?";"PIB real por habitante · mesmas referências";"2025";"América Latina e Caribe";"104,77";"Mesma fonte e intervalo. Uma base igual permite comparar crescimento, não níveis de riqueza. PIB por habitante não é salário nem renda mediana; não mostra como o produto é distribuído.";"https://data.worldbank.org/indicator/NY.GDP.PCAP.KD.ZG | https://jonex-01.github.io/elei-es-2026/Scrollytelling_Eleicoes_2026/dados/comparacoes-evidencias-2026-10-02.json";"2026-10-02"
"O Brasil melhorou ou apenas mudou de posição?";"PIB real por habitante · comparação por renda";"2022";"Brasil";"100";"Agregados WDI MIC e UMC, não média simples de países. Grupos sobrepostos e distintos de mundo/América Latina; não são um contrafactual causal do Brasil. A composição da classificação pode mudar; o JSON preserva a consulta.";"https://data.worldbank.org/indicator/NY.GDP.PCAP.KD.ZG | https://jonex-01.github.io/elei-es-2026/Scrollytelling_Eleicoes_2026/dados/comparacoes-evidencias-2026-10-02.json";"2026-10-02"
"O Brasil melhorou ou apenas mudou de posição?";"PIB real por habitante · comparação por renda";"2022";"Renda média";"100";"Agregados WDI MIC e UMC, não média simples de países. Grupos sobrepostos e distintos de mundo/América Latina; não são um contrafactual causal do Brasil. A composição da classificação pode mudar; o JSON preserva a consulta.";"https://data.worldbank.org/indicator/NY.GDP.PCAP.KD.ZG | https://jonex-01.github.io/elei-es-2026/Scrollytelling_Eleicoes_2026/dados/comparacoes-evidencias-2026-10-02.json";"2026-10-02"
"O Brasil melhorou ou apenas mudou de posição?";"PIB real por habitante · comparação por renda";"2022";"Renda média alta";"100";"Agregados WDI MIC e UMC, não média simples de países. Grupos sobrepostos e distintos de mundo/América Latina; não são um contrafactual causal do Brasil. A composição da classificação pode mudar; o JSON preserva a consulta.";"https://data.worldbank.org/indicator/NY.GDP.PCAP.KD.ZG | https://jonex-01.github.io/elei-es-2026/Scrollytelling_Eleicoes_2026/dados/comparacoes-evidencias-2026-10-02.json";"2026-10-02"
"O Brasil melhorou ou apenas mudou de posição?";"PIB real por habitante · comparação por renda";"2023";"Brasil";"102,83";"Agregados WDI MIC e UMC, não média simples de países. Grupos sobrepostos e distintos de mundo/América Latina; não são um contrafactual causal do Brasil. A composição da classificação pode mudar; o JSON preserva a consulta.";"https://data.worldbank.org/indicator/NY.GDP.PCAP.KD.ZG | https://jonex-01.github.io/elei-es-2026/Scrollytelling_Eleicoes_2026/dados/comparacoes-evidencias-2026-10-02.json";"2026-10-02"
"O Brasil melhorou ou apenas mudou de posição?";"PIB real por habitante · comparação por renda";"2023";"Renda média";"103,91";"Agregados WDI MIC e UMC, não média simples de países. Grupos sobrepostos e distintos de mundo/América Latina; não são um contrafactual causal do Brasil. A composição da classificação pode mudar; o JSON preserva a consulta.";"https://data.worldbank.org/indicator/NY.GDP.PCAP.KD.ZG | https://jonex-01.github.io/elei-es-2026/Scrollytelling_Eleicoes_2026/dados/comparacoes-evidencias-2026-10-02.json";"2026-10-02"
"O Brasil melhorou ou apenas mudou de posição?";"PIB real por habitante · comparação por renda";"2023";"Renda média alta";"104,31";"Agregados WDI MIC e UMC, não média simples de países. Grupos sobrepostos e distintos de mundo/América Latina; não são um contrafactual causal do Brasil. A composição da classificação pode mudar; o JSON preserva a consulta.";"https://data.worldbank.org/indicator/NY.GDP.PCAP.KD.ZG | https://jonex-01.github.io/elei-es-2026/Scrollytelling_Eleicoes_2026/dados/comparacoes-evidencias-2026-10-02.json";"2026-10-02"
"O Brasil melhorou ou apenas mudou de posição?";"PIB real por habitante · comparação por renda";"2024";"Brasil";"105,92";"Agregados WDI MIC e UMC, não média simples de países. Grupos sobrepostos e distintos de mundo/América Latina; não são um contrafactual causal do Brasil. A composição da classificação pode mudar; o JSON preserva a consulta.";"https://data.worldbank.org/indicator/NY.GDP.PCAP.KD.ZG | https://jonex-01.github.io/elei-es-2026/Scrollytelling_Eleicoes_2026/dados/comparacoes-evidencias-2026-10-02.json";"2026-10-02"
"O Brasil melhorou ou apenas mudou de posição?";"PIB real por habitante · comparação por renda";"2024";"Renda média";"107,65";"Agregados WDI MIC e UMC, não média simples de países. Grupos sobrepostos e distintos de mundo/América Latina; não são um contrafactual causal do Brasil. A composição da classificação pode mudar; o JSON preserva a consulta.";"https://data.worldbank.org/indicator/NY.GDP.PCAP.KD.ZG | https://jonex-01.github.io/elei-es-2026/Scrollytelling_Eleicoes_2026/dados/comparacoes-evidencias-2026-10-02.json";"2026-10-02"
"O Brasil melhorou ou apenas mudou de posição?";"PIB real por habitante · comparação por renda";"2024";"Renda média alta";"108,36";"Agregados WDI MIC e UMC, não média simples de países. Grupos sobrepostos e distintos de mundo/América Latina; não são um contrafactual causal do Brasil. A composição da classificação pode mudar; o JSON preserva a consulta.";"https://data.worldbank.org/indicator/NY.GDP.PCAP.KD.ZG | https://jonex-01.github.io/elei-es-2026/Scrollytelling_Eleicoes_2026/dados/comparacoes-evidencias-2026-10-02.json";"2026-10-02"
"O Brasil melhorou ou apenas mudou de posição?";"PIB real por habitante · comparação por renda";"2025";"Brasil";"107,93";"Agregados WDI MIC e UMC, não média simples de países. Grupos sobrepostos e distintos de mundo/América Latina; não são um contrafactual causal do Brasil. A composição da classificação pode mudar; o JSON preserva a consulta.";"https://data.worldbank.org/indicator/NY.GDP.PCAP.KD.ZG | https://jonex-01.github.io/elei-es-2026/Scrollytelling_Eleicoes_2026/dados/comparacoes-evidencias-2026-10-02.json";"2026-10-02"
"O Brasil melhorou ou apenas mudou de posição?";"PIB real por habitante · comparação por renda";"2025";"Renda média";"111,61";"Agregados WDI MIC e UMC, não média simples de países. Grupos sobrepostos e distintos de mundo/América Latina; não são um contrafactual causal do Brasil. A composição da classificação pode mudar; o JSON preserva a consulta.";"https://data.worldbank.org/indicator/NY.GDP.PCAP.KD.ZG | https://jonex-01.github.io/elei-es-2026/Scrollytelling_Eleicoes_2026/dados/comparacoes-evidencias-2026-10-02.json";"2026-10-02"
"O Brasil melhorou ou apenas mudou de posição?";"PIB real por habitante · comparação por renda";"2025";"Renda média alta";"112,53";"Agregados WDI MIC e UMC, não média simples de países. Grupos sobrepostos e distintos de mundo/América Latina; não são um contrafactual causal do Brasil. A composição da classificação pode mudar; o JSON preserva a consulta.";"https://data.worldbank.org/indicator/NY.GDP.PCAP.KD.ZG | https://jonex-01.github.io/elei-es-2026/Scrollytelling_Eleicoes_2026/dados/comparacoes-evidencias-2026-10-02.json";"2026-10-02"
"Por que a dívida aumentou: gastos, juros ou crescimento?";"A conta fiscal na mesma janela e abrangência";"Déficit primário";"% do PIB";"0,62";"O déficit nominal inclui primário e juros: 0,62 + 8,86 = 9,48% do PIB. É um fluxo; não é a dívida bruta.";"https://www.bcb.gov.br/content/estatisticas/hist_estatisticasfiscais/202609_Texto_de_estatisticas_fiscais.pdf";"2026-10-02"
"Por que a dívida aumentou: gastos, juros ou crescimento?";"A conta fiscal na mesma janela e abrangência";"Juros nominais";"% do PIB";"8,86";"O déficit nominal inclui primário e juros: 0,62 + 8,86 = 9,48% do PIB. É um fluxo; não é a dívida bruta.";"https://www.bcb.gov.br/content/estatisticas/hist_estatisticasfiscais/202609_Texto_de_estatisticas_fiscais.pdf";"2026-10-02"
"Por que a dívida aumentou: gastos, juros ou crescimento?";"A conta fiscal na mesma janela e abrangência";"Déficit nominal";"% do PIB";"9,48";"O déficit nominal inclui primário e juros: 0,62 + 8,86 = 9,48% do PIB. É um fluxo; não é a dívida bruta.";"https://www.bcb.gov.br/content/estatisticas/hist_estatisticasfiscais/202609_Texto_de_estatisticas_fiscais.pdf";"2026-10-02"
"Por que a dívida aumentou: gastos, juros ou crescimento?";"O que alterou a dívida bruta / PIB em 2026?";"Incorporação de juros";"Efeito em pontos percentuais do PIB";"+6,5 p.p.";"Decomposição divulgada pelo BCB, com valores arredondados. Emissões líquidas não são sinônimo de déficit primário. A DBGG tem abrangência diferente do setor público consolidado; não somamos esta tabela à anterior.";"https://www.bcb.gov.br/content/estatisticas/hist_estatisticasfiscais/202609_Texto_de_estatisticas_fiscais.pdf";"2026-10-02"
"Por que a dívida aumentou: gastos, juros ou crescimento?";"O que alterou a dívida bruta / PIB em 2026?";"Emissões líquidas de dívida";"Efeito em pontos percentuais do PIB";"+1,5 p.p.";"Decomposição divulgada pelo BCB, com valores arredondados. Emissões líquidas não são sinônimo de déficit primário. A DBGG tem abrangência diferente do setor público consolidado; não somamos esta tabela à anterior.";"https://www.bcb.gov.br/content/estatisticas/hist_estatisticasfiscais/202609_Texto_de_estatisticas_fiscais.pdf";"2026-10-02"
"Por que a dívida aumentou: gastos, juros ou crescimento?";"O que alterou a dívida bruta / PIB em 2026?";"Crescimento do PIB nominal";"Efeito em pontos percentuais do PIB";"−3,6 p.p.";"Decomposição divulgada pelo BCB, com valores arredondados. Emissões líquidas não são sinônimo de déficit primário. A DBGG tem abrangência diferente do setor público consolidado; não somamos esta tabela à anterior.";"https://www.bcb.gov.br/content/estatisticas/hist_estatisticasfiscais/202609_Texto_de_estatisticas_fiscais.pdf";"2026-10-02"
"Por que a dívida aumentou: gastos, juros ou crescimento?";"O que alterou a dívida bruta / PIB em 2026?";"Valorização cambial";"Efeito em pontos percentuais do PIB";"−0,2 p.p.";"Decomposição divulgada pelo BCB, com valores arredondados. Emissões líquidas não são sinônimo de déficit primário. A DBGG tem abrangência diferente do setor público consolidado; não somamos esta tabela à anterior.";"https://www.bcb.gov.br/content/estatisticas/hist_estatisticasfiscais/202609_Texto_de_estatisticas_fiscais.pdf";"2026-10-02"
"Por que a dívida aumentou: gastos, juros ou crescimento?";"O que alterou a dívida bruta / PIB em 2026?";"Variação total";"Efeito em pontos percentuais do PIB";"+4,2 p.p.";"Decomposição divulgada pelo BCB, com valores arredondados. Emissões líquidas não são sinônimo de déficit primário. A DBGG tem abrangência diferente do setor público consolidado; não somamos esta tabela à anterior.";"https://www.bcb.gov.br/content/estatisticas/hist_estatisticasfiscais/202609_Texto_de_estatisticas_fiscais.pdf";"2026-10-02"
"Por que a dívida aumentou: gastos, juros ou crescimento?";"Resultado primário do Governo Central · janeiro–agosto";"Déficit nominal · R$ bilhões";"2025";"85,9";"Mesmos oito meses. Resultado primário exclui juros; Governo Central difere do setor público consolidado. Não comparar diretamente com os fluxos de 12 meses das estatísticas do BCB.";"https://www.tesourotransparente.gov.br/publicacoes/boletim-resultado-do-tesouro-nacional-rtn/2026/8";"2026-10-02"
"Por que a dívida aumentou: gastos, juros ou crescimento?";"Resultado primário do Governo Central · janeiro–agosto";"Déficit nominal · R$ bilhões";"2026";"94,9";"Mesmos oito meses. Resultado primário exclui juros; Governo Central difere do setor público consolidado. Não comparar diretamente com os fluxos de 12 meses das estatísticas do BCB.";"https://www.tesourotransparente.gov.br/publicacoes/boletim-resultado-do-tesouro-nacional-rtn/2026/8";"2026-10-02"
"Por que a dívida aumentou: gastos, juros ou crescimento?";"Onde a despesa primária aumentou? · jan–ago/2026 contra jan–ago/2025";"Benefícios previdenciários";"Aumento real · R$ bi";"29,34";"Categorias selecionadas do RTN, não decomposição exaustiva. Variação em preços constantes, não nível gasto, participação no total ou contribuição à dívida. Os exemplos de saúde/educação abaixo estão dentro das discricionárias: não somar novamente.";"https://www.tesourotransparente.gov.br/publicacoes/boletim-resultado-do-tesouro-nacional-rtn/2026/8";"2026-10-02"
"Por que a dívida aumentou: gastos, juros ou crescimento?";"Onde a despesa primária aumentou? · jan–ago/2026 contra jan–ago/2025";"Benefícios previdenciários";"Variação real";"3,9%";"Categorias selecionadas do RTN, não decomposição exaustiva. Variação em preços constantes, não nível gasto, participação no total ou contribuição à dívida. Os exemplos de saúde/educação abaixo estão dentro das discricionárias: não somar novamente.";"https://www.tesourotransparente.gov.br/publicacoes/boletim-resultado-do-tesouro-nacional-rtn/2026/8";"2026-10-02"
"Por que a dívida aumentou: gastos, juros ou crescimento?";"Onde a despesa primária aumentou? · jan–ago/2026 contra jan–ago/2025";"Pessoal e encargos";"Aumento real · R$ bi";"15,00";"Categorias selecionadas do RTN, não decomposição exaustiva. Variação em preços constantes, não nível gasto, participação no total ou contribuição à dívida. Os exemplos de saúde/educação abaixo estão dentro das discricionárias: não somar novamente.";"https://www.tesourotransparente.gov.br/publicacoes/boletim-resultado-do-tesouro-nacional-rtn/2026/8";"2026-10-02"
"Por que a dívida aumentou: gastos, juros ou crescimento?";"Onde a despesa primária aumentou? · jan–ago/2026 contra jan–ago/2025";"Pessoal e encargos";"Variação real";"5,5%";"Categorias selecionadas do RTN, não decomposição exaustiva. Variação em preços constantes, não nível gasto, participação no total ou contribuição à dívida. Os exemplos de saúde/educação abaixo estão dentro das discricionárias: não somar novamente.";"https://www.tesourotransparente.gov.br/publicacoes/boletim-resultado-do-tesouro-nacional-rtn/2026/8";"2026-10-02"
"Por que a dívida aumentou: gastos, juros ou crescimento?";"Onde a despesa primária aumentou? · jan–ago/2026 contra jan–ago/2025";"Créditos extraordinários";"Aumento real · R$ bi";"10,60";"Categorias selecionadas do RTN, não decomposição exaustiva. Variação em preços constantes, não nível gasto, participação no total ou contribuição à dívida. Os exemplos de saúde/educação abaixo estão dentro das discricionárias: não somar novamente.";"https://www.tesourotransparente.gov.br/publicacoes/boletim-resultado-do-tesouro-nacional-rtn/2026/8";"2026-10-02"
"Por que a dívida aumentou: gastos, juros ou crescimento?";"Onde a despesa primária aumentou? · jan–ago/2026 contra jan–ago/2025";"Créditos extraordinários";"Variação real";"283,5%";"Categorias selecionadas do RTN, não decomposição exaustiva. Variação em preços constantes, não nível gasto, participação no total ou contribuição à dívida. Os exemplos de saúde/educação abaixo estão dentro das discricionárias: não somar novamente.";"https://www.tesourotransparente.gov.br/publicacoes/boletim-resultado-do-tesouro-nacional-rtn/2026/8";"2026-10-02"
"Por que a dívida aumentou: gastos, juros ou crescimento?";"Onde a despesa primária aumentou? · jan–ago/2026 contra jan–ago/2025";"Despesas discricionárias";"Aumento real · R$ bi";"35,80";"Categorias selecionadas do RTN, não decomposição exaustiva. Variação em preços constantes, não nível gasto, participação no total ou contribuição à dívida. Os exemplos de saúde/educação abaixo estão dentro das discricionárias: não somar novamente.";"https://www.tesourotransparente.gov.br/publicacoes/boletim-resultado-do-tesouro-nacional-rtn/2026/8";"2026-10-02"
"Por que a dívida aumentou: gastos, juros ou crescimento?";"Onde a despesa primária aumentou? · jan–ago/2026 contra jan–ago/2025";"Despesas discricionárias";"Variação real";"31,8%";"Categorias selecionadas do RTN, não decomposição exaustiva. Variação em preços constantes, não nível gasto, participação no total ou contribuição à dívida. Os exemplos de saúde/educação abaixo estão dentro das discricionárias: não somar novamente.";"https://www.tesourotransparente.gov.br/publicacoes/boletim-resultado-do-tesouro-nacional-rtn/2026/8";"2026-10-02"
"Por que a dívida aumentou: gastos, juros ou crescimento?";"Como a arrecadação mudou? · jan–ago/2026 contra jan–ago/2025";"Arrecadação previdenciária";"Mudança real · R$ bi";"+29,12";"Seleção de receitas brutas tributárias e não tributárias do RTN. Não soma a variação da receita líquida: outras rubricas e transferências a estados/municípios também entram. Crescimento da arrecadação pode refletir atividade, preços, mudanças legais e eventos extraordinários; não é a mesma medida que carga tributária/PIB.";"https://www.tesourotransparente.gov.br/publicacoes/boletim-resultado-do-tesouro-nacional-rtn/2026/8";"2026-10-02"
"Por que a dívida aumentou: gastos, juros ou crescimento?";"Como a arrecadação mudou? · jan–ago/2026 contra jan–ago/2025";"Arrecadação previdenciária";"Variação real";"+6,2%";"Seleção de receitas brutas tributárias e não tributárias do RTN. Não soma a variação da receita líquida: outras rubricas e transferências a estados/municípios também entram. Crescimento da arrecadação pode refletir atividade, preços, mudanças legais e eventos extraordinários; não é a mesma medida que carga tributária/PIB.";"https://www.tesourotransparente.gov.br/publicacoes/boletim-resultado-do-tesouro-nacional-rtn/2026/8";"2026-10-02"
"Por que a dívida aumentou: gastos, juros ou crescimento?";"Como a arrecadação mudou? · jan–ago/2026 contra jan–ago/2025";"Imposto de Renda";"Mudança real · R$ bi";"+19,60";"Seleção de receitas brutas tributárias e não tributárias do RTN. Não soma a variação da receita líquida: outras rubricas e transferências a estados/municípios também entram. Crescimento da arrecadação pode refletir atividade, preços, mudanças legais e eventos extraordinários; não é a mesma medida que carga tributária/PIB.";"https://www.tesourotransparente.gov.br/publicacoes/boletim-resultado-do-tesouro-nacional-rtn/2026/8";"2026-10-02"
"Por que a dívida aumentou: gastos, juros ou crescimento?";"Como a arrecadação mudou? · jan–ago/2026 contra jan–ago/2025";"Imposto de Renda";"Variação real";"+3,2%";"Seleção de receitas brutas tributárias e não tributárias do RTN. Não soma a variação da receita líquida: outras rubricas e transferências a estados/municípios também entram. Crescimento da arrecadação pode refletir atividade, preços, mudanças legais e eventos extraordinários; não é a mesma medida que carga tributária/PIB.";"https://www.tesourotransparente.gov.br/publicacoes/boletim-resultado-do-tesouro-nacional-rtn/2026/8";"2026-10-02"
"Por que a dívida aumentou: gastos, juros ou crescimento?";"Como a arrecadação mudou? · jan–ago/2026 contra jan–ago/2025";"IOF";"Mudança real · R$ bi";"+13,15";"Seleção de receitas brutas tributárias e não tributárias do RTN. Não soma a variação da receita líquida: outras rubricas e transferências a estados/municípios também entram. Crescimento da arrecadação pode refletir atividade, preços, mudanças legais e eventos extraordinários; não é a mesma medida que carga tributária/PIB.";"https://www.tesourotransparente.gov.br/publicacoes/boletim-resultado-do-tesouro-nacional-rtn/2026/8";"2026-10-02"
"Por que a dívida aumentou: gastos, juros ou crescimento?";"Como a arrecadação mudou? · jan–ago/2026 contra jan–ago/2025";"IOF";"Variação real";"+24,1%";"Seleção de receitas brutas tributárias e não tributárias do RTN. Não soma a variação da receita líquida: outras rubricas e transferências a estados/municípios também entram. Crescimento da arrecadação pode refletir atividade, preços, mudanças legais e eventos extraordinários; não é a mesma medida que carga tributária/PIB.";"https://www.tesourotransparente.gov.br/publicacoes/boletim-resultado-do-tesouro-nacional-rtn/2026/8";"2026-10-02"
"Por que a dívida aumentou: gastos, juros ou crescimento?";"Como a arrecadação mudou? · jan–ago/2026 contra jan–ago/2025";"Cofins";"Mudança real · R$ bi";"+14,20";"Seleção de receitas brutas tributárias e não tributárias do RTN. Não soma a variação da receita líquida: outras rubricas e transferências a estados/municípios também entram. Crescimento da arrecadação pode refletir atividade, preços, mudanças legais e eventos extraordinários; não é a mesma medida que carga tributária/PIB.";"https://www.tesourotransparente.gov.br/publicacoes/boletim-resultado-do-tesouro-nacional-rtn/2026/8";"2026-10-02"
"Por que a dívida aumentou: gastos, juros ou crescimento?";"Como a arrecadação mudou? · jan–ago/2026 contra jan–ago/2025";"Cofins";"Variação real";"+5,4%";"Seleção de receitas brutas tributárias e não tributárias do RTN. Não soma a variação da receita líquida: outras rubricas e transferências a estados/municípios também entram. Crescimento da arrecadação pode refletir atividade, preços, mudanças legais e eventos extraordinários; não é a mesma medida que carga tributária/PIB.";"https://www.tesourotransparente.gov.br/publicacoes/boletim-resultado-do-tesouro-nacional-rtn/2026/8";"2026-10-02"
"Por que a dívida aumentou: gastos, juros ou crescimento?";"Como a arrecadação mudou? · jan–ago/2026 contra jan–ago/2025";"CSLL";"Mudança real · R$ bi";"+9,09";"Seleção de receitas brutas tributárias e não tributárias do RTN. Não soma a variação da receita líquida: outras rubricas e transferências a estados/municípios também entram. Crescimento da arrecadação pode refletir atividade, preços, mudanças legais e eventos extraordinários; não é a mesma medida que carga tributária/PIB.";"https://www.tesourotransparente.gov.br/publicacoes/boletim-resultado-do-tesouro-nacional-rtn/2026/8";"2026-10-02"
"Por que a dívida aumentou: gastos, juros ou crescimento?";"Como a arrecadação mudou? · jan–ago/2026 contra jan–ago/2025";"CSLL";"Variação real";"+6,8%";"Seleção de receitas brutas tributárias e não tributárias do RTN. Não soma a variação da receita líquida: outras rubricas e transferências a estados/municípios também entram. Crescimento da arrecadação pode refletir atividade, preços, mudanças legais e eventos extraordinários; não é a mesma medida que carga tributária/PIB.";"https://www.tesourotransparente.gov.br/publicacoes/boletim-resultado-do-tesouro-nacional-rtn/2026/8";"2026-10-02"
"Por que a dívida aumentou: gastos, juros ou crescimento?";"Como a arrecadação mudou? · jan–ago/2026 contra jan–ago/2025";"Dividendos";"Mudança real · R$ bi";"−15,80";"Seleção de receitas brutas tributárias e não tributárias do RTN. Não soma a variação da receita líquida: outras rubricas e transferências a estados/municípios também entram. Crescimento da arrecadação pode refletir atividade, preços, mudanças legais e eventos extraordinários; não é a mesma medida que carga tributária/PIB.";"https://www.tesourotransparente.gov.br/publicacoes/boletim-resultado-do-tesouro-nacional-rtn/2026/8";"2026-10-02"
"Por que a dívida aumentou: gastos, juros ou crescimento?";"Como a arrecadação mudou? · jan–ago/2026 contra jan–ago/2025";"Dividendos";"Variação real";"−45,0%";"Seleção de receitas brutas tributárias e não tributárias do RTN. Não soma a variação da receita líquida: outras rubricas e transferências a estados/municípios também entram. Crescimento da arrecadação pode refletir atividade, preços, mudanças legais e eventos extraordinários; não é a mesma medida que carga tributária/PIB.";"https://www.tesourotransparente.gov.br/publicacoes/boletim-resultado-do-tesouro-nacional-rtn/2026/8";"2026-10-02"
"Por que a dívida aumentou: gastos, juros ou crescimento?";"Como a arrecadação mudou? · jan–ago/2026 contra jan–ago/2025";"Recursos naturais";"Mudança real · R$ bi";"+17,91";"Seleção de receitas brutas tributárias e não tributárias do RTN. Não soma a variação da receita líquida: outras rubricas e transferências a estados/municípios também entram. Crescimento da arrecadação pode refletir atividade, preços, mudanças legais e eventos extraordinários; não é a mesma medida que carga tributária/PIB.";"https://www.tesourotransparente.gov.br/publicacoes/boletim-resultado-do-tesouro-nacional-rtn/2026/8";"2026-10-02"
"Por que a dívida aumentou: gastos, juros ou crescimento?";"Como a arrecadação mudou? · jan–ago/2026 contra jan–ago/2025";"Recursos naturais";"Variação real";"+18,9%";"Seleção de receitas brutas tributárias e não tributárias do RTN. Não soma a variação da receita líquida: outras rubricas e transferências a estados/municípios também entram. Crescimento da arrecadação pode refletir atividade, preços, mudanças legais e eventos extraordinários; não é a mesma medida que carga tributária/PIB.";"https://www.tesourotransparente.gov.br/publicacoes/boletim-resultado-do-tesouro-nacional-rtn/2026/8";"2026-10-02"
"A melhora na alimentação pode ser preservada sem adiar a conta?";"Segurança alimentar com a mesma definição";"Triênio 2020–2022";"Parcela da população";"22,1%";"Estimativas trienais, com a mesma medida. O primeiro período inclui a pandemia. A comparação não isola o efeito de um governo ou programa. Este indicador é diferente da subalimentação usada no Mapa da Fome.";"https://www.gov.br/secretariageral/pt-br/consea/relatorio-sofi-2026/relatorio-sofi-2026-o-estado-da-seguranca-alimentar-e-nutricional-no-mundo";"2026-10-02"
"A melhora na alimentação pode ser preservada sem adiar a conta?";"Segurança alimentar com a mesma definição";"Triênio 2023–2025";"Parcela da população";"9,6%";"Estimativas trienais, com a mesma medida. O primeiro período inclui a pandemia. A comparação não isola o efeito de um governo ou programa. Este indicador é diferente da subalimentação usada no Mapa da Fome.";"https://www.gov.br/secretariageral/pt-br/consea/relatorio-sofi-2026/relatorio-sofi-2026-o-estado-da-seguranca-alimentar-e-nutricional-no-mundo";"2026-10-02"
"A melhora na alimentação pode ser preservada sem adiar a conta?";"Subalimentação no mundo · anos selecionados";"2022";"Mundo";"8,6";"SOFI 2026. Estimativas anuais globais; não são os percentuais trienais brasileiros de insegurança alimentar. Não preencher 2023 nem equiparar subalimentação a insegurança moderada/grave.";"https://www.fao.org/newsroom/detail/un-report--global-hunger-levels-ease-for-third-consecutive-year-as-regional-disparities-persist/";"2026-10-02"
"A melhora na alimentação pode ser preservada sem adiar a conta?";"Subalimentação no mundo · anos selecionados";"2024";"Mundo";"8,1";"SOFI 2026. Estimativas anuais globais; não são os percentuais trienais brasileiros de insegurança alimentar. Não preencher 2023 nem equiparar subalimentação a insegurança moderada/grave.";"https://www.fao.org/newsroom/detail/un-report--global-hunger-levels-ease-for-third-consecutive-year-as-regional-disparities-persist/";"2026-10-02"
"A melhora na alimentação pode ser preservada sem adiar a conta?";"Subalimentação no mundo · anos selecionados";"2025";"Mundo";"7,8";"SOFI 2026. Estimativas anuais globais; não são os percentuais trienais brasileiros de insegurança alimentar. Não preencher 2023 nem equiparar subalimentação a insegurança moderada/grave.";"https://www.fao.org/newsroom/detail/un-report--global-hunger-levels-ease-for-third-consecutive-year-as-regional-disparities-persist/";"2026-10-02"
